[{"pk": 1, "model": "contenttypes.contenttype", "fields": {"model": "permission", "name": "permission", "app_label": "auth"}}, {"pk": 2, "model": "contenttypes.contenttype", "fields": {"model": "group", "name": "group", "app_label": "auth"}}, {"pk": 3, "model": "contenttypes.contenttype", "fields": {"model": "user", "name": "user", "app_label": "auth"}}, {"pk": 4, "model": "contenttypes.contenttype", "fields": {"model": "contenttype", "name": "content type", "app_label": "contenttypes"}}, {"pk": 5, "model": "contenttypes.contenttype", "fields": {"model": "session", "name": "session", "app_label": "sessions"}}, {"pk": 6, "model": "contenttypes.contenttype", "fields": {"model": "site", "name": "site", "app_label": "sites"}}, {"pk": 7, "model": "contenttypes.contenttype", "fields": {"model": "logentry", "name": "log entry", "app_label": "admin"}}, {"pk": 8, "model": "contenttypes.contenttype", "fields": {"model": "golfer", "name": "golfer", "app_label": "golf"}}, {"pk": 9, "model": "contenttypes.contenttype", "fields": {"model": "course", "name": "course", "app_label": "golf"}}, {"pk": 10, "model": "contenttypes.contenttype", "fields": {"model": "round", "name": "round", "app_label": "golf"}}, {"pk": 11, "model": "contenttypes.contenttype", "fields": {"model": "migrationhistory", "name": "migration history", "app_label": "south"}}, {"pk": "1hhsfnjcpy0t99gr9xtnczw6bbc13gsk", "model": "sessions.session", "fields": {"expire_date": "2014-06-18T15:38:13.607Z", "session_data": "YWFjOTZmNDZkMDBkYTYxMTQ0MTBkODBjMzBlYTVhZDZkN2QwNTQxMTp7Il9hdXRoX3VzZXJfYmFja2VuZCI6ImRqYW5nby5jb250cmliLmF1dGguYmFja2VuZHMuTW9kZWxCYWNrZW5kIiwiX2F1dGhfdXNlcl9pZCI6Mn0="}}, {"pk": "1neu7sadn7w8zg9g2uyg30z3o9bygb8l", "model": "sessions.session", "fields": {"expire_date": "2014-05-07T10:07:27.461Z", "session_data": "NGUwM2IwMDUzNzkyYjNlNjM2YjAzOTBmM2MxODM4OWE0YmY5M2I0Yzp7Il9hdXRoX3VzZXJfaWQiOjEsIl9hdXRoX3VzZXJfYmFja2VuZCI6ImRqYW5nby5jb250cmliLmF1dGguYmFja2VuZHMuTW9kZWxCYWNrZW5kIn0="}}, {"pk": "24btjwakn8oagn2fuyqrnibxa2l7vkr9", "model": "sessions.session", "fields": {"expire_date": "2014-05-27T15:13:46.237Z", "session_data": "YWJiMjg0MWM5NGVlMTdhNTgyZDE0MDBhZjAzMTRjMzU2OGYzMjAzZjp7Il9hdXRoX3VzZXJfaWQiOjIsIl9hdXRoX3VzZXJfYmFja2VuZCI6ImRqYW5nby5jb250cmliLmF1dGguYmFja2VuZHMuTW9kZWxCYWNrZW5kIn0="}}, {"pk": "5nlp768rgnxpfi5c2wyqeoioihq8s1mf", "model": "sessions.session", "fields": {"expire_date": "2014-06-18T15:27:07.983Z", "session_data": "YWFjOTZmNDZkMDBkYTYxMTQ0MTBkODBjMzBlYTVhZDZkN2QwNTQxMTp7Il9hdXRoX3VzZXJfYmFja2VuZCI6ImRqYW5nby5jb250cmliLmF1dGguYmFja2VuZHMuTW9kZWxCYWNrZW5kIiwiX2F1dGhfdXNlcl9pZCI6Mn0="}}, {"pk": "ccou8dbh07qlyj4tquduh4fpqdaamauz", "model": "sessions.session", "fields": {"expire_date": "2014-07-21T16:33:25.279Z", "session_data": "NGUwM2IwMDUzNzkyYjNlNjM2YjAzOTBmM2MxODM4OWE0YmY5M2I0Yzp7Il9hdXRoX3VzZXJfaWQiOjEsIl9hdXRoX3VzZXJfYmFja2VuZCI6ImRqYW5nby5jb250cmliLmF1dGguYmFja2VuZHMuTW9kZWxCYWNrZW5kIn0="}}, {"pk": "cr0dh8vr4ji6hz3m9c5v9ad10goooeo9", "model": "sessions.session", "fields": {"expire_date": "2014-05-21T14:16:31.982Z", "session_data": "Njk3MzU2YmI4YjRkNmNkMWQxM2M3NzMyNjc5OWRlZGRjN2JlMTMzZjp7Il9hdXRoX3VzZXJfYmFja2VuZCI6ImRqYW5nby5jb250cmliLmF1dGguYmFja2VuZHMuTW9kZWxCYWNrZW5kIiwiX2F1dGhfdXNlcl9pZCI6MX0="}}, {"pk": "ctpf0ppeu78k23tzxv7yl93tpkii73qx", "model": "sessions.session", "fields": {"expire_date": "2014-06-02T16:15:06.082Z", "session_data": "NGUwM2IwMDUzNzkyYjNlNjM2YjAzOTBmM2MxODM4OWE0YmY5M2I0Yzp7Il9hdXRoX3VzZXJfaWQiOjEsIl9hdXRoX3VzZXJfYmFja2VuZCI6ImRqYW5nby5jb250cmliLmF1dGguYmFja2VuZHMuTW9kZWxCYWNrZW5kIn0="}}, {"pk": "d1jxz0fn8kj9z31p7dbn3ir07zb1x9js", "model": "sessions.session", "fields": {"expire_date": "2014-07-02T15:59:04.409Z", "session_data": "YWFjOTZmNDZkMDBkYTYxMTQ0MTBkODBjMzBlYTVhZDZkN2QwNTQxMTp7Il9hdXRoX3VzZXJfYmFja2VuZCI6ImRqYW5nby5jb250cmliLmF1dGguYmFja2VuZHMuTW9kZWxCYWNrZW5kIiwiX2F1dGhfdXNlcl9pZCI6Mn0="}}, {"pk": "eyth0dzlgjsayahy856wapn1rslis4w9", "model": "sessions.session", "fields": {"expire_date": "2014-08-10T15:18:43.087Z", "session_data": "MzUzNDAyZjRmNGQzYzJlMzlmYTljMmZhZDM1MmMxN2YzM2MxODE3Njp7fQ=="}}, {"pk": "jctm7arrlyel4v82e957axj111876au8", "model": "sessions.session", "fields": {"expire_date": "2014-07-16T16:36:02.416Z", "session_data": "YWJiMjg0MWM5NGVlMTdhNTgyZDE0MDBhZjAzMTRjMzU2OGYzMjAzZjp7Il9hdXRoX3VzZXJfaWQiOjIsIl9hdXRoX3VzZXJfYmFja2VuZCI6ImRqYW5nby5jb250cmliLmF1dGguYmFja2VuZHMuTW9kZWxCYWNrZW5kIn0="}}, {"pk": "jvswtturemr0yuo8fp2gqeyksk5nzzqw", "model": "sessions.session", "fields": {"expire_date": "2014-05-18T23:11:45.291Z", "session_data": "NGUwM2IwMDUzNzkyYjNlNjM2YjAzOTBmM2MxODM4OWE0YmY5M2I0Yzp7Il9hdXRoX3VzZXJfaWQiOjEsIl9hdXRoX3VzZXJfYmFja2VuZCI6ImRqYW5nby5jb250cmliLmF1dGguYmFja2VuZHMuTW9kZWxCYWNrZW5kIn0="}}, {"pk": "kfgt7nuwwt1snme1vl930ok9ic8yr7us", "model": "sessions.session", "fields": {"expire_date": "2014-05-12T22:57:11.122Z", "session_data": "YWJiMjg0MWM5NGVlMTdhNTgyZDE0MDBhZjAzMTRjMzU2OGYzMjAzZjp7Il9hdXRoX3VzZXJfaWQiOjIsIl9hdXRoX3VzZXJfYmFja2VuZCI6ImRqYW5nby5jb250cmliLmF1dGguYmFja2VuZHMuTW9kZWxCYWNrZW5kIn0="}}, {"pk": "ow83ibr62hp16893ue9c3o8t46vbcubj", "model": "sessions.session", "fields": {"expire_date": "2014-05-13T14:36:12.762Z", "session_data": "MzUzNDAyZjRmNGQzYzJlMzlmYTljMmZhZDM1MmMxN2YzM2MxODE3Njp7fQ=="}}, {"pk": "qu4m3dy6mzpm1gbdc35621oqwx09ecd4", "model": "sessions.session", "fields": {"expire_date": "2014-05-05T18:25:13.843Z", "session_data": "Njk3MzU2YmI4YjRkNmNkMWQxM2M3NzMyNjc5OWRlZGRjN2JlMTMzZjp7Il9hdXRoX3VzZXJfYmFja2VuZCI6ImRqYW5nby5jb250cmliLmF1dGguYmFja2VuZHMuTW9kZWxCYWNrZW5kIiwiX2F1dGhfdXNlcl9pZCI6MX0="}}, {"pk": "s226fjywws5o6wcb892zeztl5fjsmffi", "model": "sessions.session", "fields": {"expire_date": "2014-08-06T17:06:40.877Z", "session_data": "MzUzNDAyZjRmNGQzYzJlMzlmYTljMmZhZDM1MmMxN2YzM2MxODE3Njp7fQ=="}}, {"pk": "td7lalyw2celg6d0cgep4ugc4w94xk24", "model": "sessions.session", "fields": {"expire_date": "2014-06-03T00:44:22.233Z", "session_data": "NGUwM2IwMDUzNzkyYjNlNjM2YjAzOTBmM2MxODM4OWE0YmY5M2I0Yzp7Il9hdXRoX3VzZXJfaWQiOjEsIl9hdXRoX3VzZXJfYmFja2VuZCI6ImRqYW5nby5jb250cmliLmF1dGguYmFja2VuZHMuTW9kZWxCYWNrZW5kIn0="}}, {"pk": "uwo21xqo2rgl11me5av8r44jwedzfo0b", "model": "sessions.session", "fields": {"expire_date": "2014-06-19T15:17:21.465Z", "session_data": "YWFjOTZmNDZkMDBkYTYxMTQ0MTBkODBjMzBlYTVhZDZkN2QwNTQxMTp7Il9hdXRoX3VzZXJfYmFja2VuZCI6ImRqYW5nby5jb250cmliLmF1dGguYmFja2VuZHMuTW9kZWxCYWNrZW5kIiwiX2F1dGhfdXNlcl9pZCI6Mn0="}}, {"pk": "xjowent9g3xkeyvt99dw0yc1bl3uqqdv", "model": "sessions.session", "fields": {"expire_date": "2014-08-08T22:11:49.855Z", "session_data": "MzUzNDAyZjRmNGQzYzJlMzlmYTljMmZhZDM1MmMxN2YzM2MxODE3Njp7fQ=="}}, {"pk": 1, "model": "sites.site", "fields": {"domain": "example.com", "name": "example.com"}}, {"pk": 1, "model": "golf.golfer", "fields": {"phone_alt": "525-8279", "first_name": "Ron", "last_name": "Crumpler", "handicap": 7, "skins": true, "phone": "414-3561", "def_handicap": 6, "mod_date": "2014-07-23", "email": "rcrumpler@ameritech.net"}}, {"pk": 2, "model": "golf.golfer", "fields": {"phone_alt": "416-1108", "first_name": "Sam", "last_name": "Ashmore", "handicap": 6, "skins": true, "phone": "793-7221", "def_handicap": 7, "mod_date": "2014-07-23", "email": "moooking@sbcglobal.net "}}, {"pk": 3, "model": "golf.golfer", "fields": {"phone_alt": "971-1611", "first_name": "Jack", "last_name": "Mitchon", "handicap": 7, "skins": true, "phone": "498-8900", "def_handicap": 9, "mod_date": "2014-07-10", "email": "jmitchon@aol.com "}}, {"pk": 4, "model": "golf.golfer", "fields": {"phone_alt": "546-9932", "first_name": "Jerry", "last_name": "Gottstein", "handicap": 7, "skins": true, "phone": "546-4688", "def_handicap": 5, "mod_date": "2014-07-23", "email": "gotts1@prodigy.net"}}, {"pk": 5, "model": "golf.golfer", "fields": {"phone_alt": "", "first_name": "Bill", "last_name": "Tackett", "handicap": 8, "skins": true, "phone": "891-8151", "def_handicap": 9, "mod_date": "2014-07-23", "email": "bilpatt2@royell.org "}}, {"pk": 6, "model": "golf.golfer", "fields": {"phone_alt": "971-3268", "first_name": "Milt", "last_name": "Johnson", "handicap": 14, "skins": true, "phone": "529-7406", "def_handicap": 12, "mod_date": "2014-07-23", "email": "jr6505@sbcglobal.net"}}, {"pk": 7, "model": "golf.golfer", "fields": {"phone_alt": "", "first_name": "Brad", "last_name": "Harris", "handicap": 10, "skins": true, "phone": "787-6060", "def_handicap": 11, "mod_date": "2014-07-23", "email": "bbharris@ameritech.net"}}, {"pk": 8, "model": "golf.golfer", "fields": {"phone_alt": "", "first_name": "Ken", "last_name": "Nilhas", "handicap": 16, "skins": true, "phone": "793-6428", "def_handicap": 15, "mod_date": "2014-07-23", "email": "nilhas@sbcglobal.net "}}, {"pk": 9, "model": "golf.golfer", "fields": {"phone_alt": "", "first_name": "John", "last_name": "Berman", "handicap": 20, "skins": true, "phone": "546-6691", "def_handicap": 17, "mod_date": "2014-07-23", "email": "berman2311@aol.com"}}, {"pk": 10, "model": "golf.golfer", "fields": {"phone_alt": "415-0234", "first_name": "Gary", "last_name": "Thompson", "handicap": 19, "skins": true, "phone": "498-9490", "def_handicap": 17, "mod_date": "2014-07-16", "email": "glcat@yahoo.com"}}, {"pk": 11, "model": "golf.golfer", "fields": {"phone_alt": "741-2037", "first_name": "Jim", "last_name": "Miller", "handicap": 21, "skins": true, "phone": "698-0088", "def_handicap": 21, "mod_date": "2014-07-23", "email": "jimmiller29@comcast.net "}}, {"pk": 12, "model": "golf.golfer", "fields": {"phone_alt": "415-3760", "first_name": "Mark", "last_name": "Lopian", "handicap": 9, "skins": true, "phone": "793-9249", "def_handicap": 6, "mod_date": "2014-07-23", "email": "mlopian@sbcglobal.net "}}, {"pk": 13, "model": "golf.golfer", "fields": {"phone_alt": "341-7366", "first_name": "Harold", "last_name": "Reno", "handicap": 6, "skins": true, "phone": "698-7244", "def_handicap": 8, "mod_date": "2014-07-23", "email": "h.reno@sbcglobal.net"}}, {"pk": 14, "model": "golf.golfer", "fields": {"phone_alt": "", "first_name": "Mike", "last_name": "Kirkham", "handicap": 7, "skins": false, "phone": "529-3060", "def_handicap": 6, "mod_date": "2014-07-23", "email": "kirki7586@sbcglobal.net"}}, {"pk": 15, "model": "golf.golfer", "fields": {"phone_alt": "415-3275", "first_name": "Chuck", "last_name": "Frank", "handicap": 13, "skins": false, "phone": "787-5145", "def_handicap": 11, "mod_date": "2014-07-23", "email": "chuckf42@sbcglobal.net"}}, {"pk": 16, "model": "golf.golfer", "fields": {"phone_alt": "", "first_name": "Paul", "last_name": "Scheffel", "handicap": 22, "skins": true, "phone": "546-9685", "def_handicap": 23, "mod_date": "2014-07-23", "email": ""}}, {"pk": 17, "model": "golf.golfer", "fields": {"phone_alt": "971-0680", "first_name": "Dave", "last_name": "Hallerberg", "handicap": 13, "skins": true, "phone": "438-4091", "def_handicap": 12, "mod_date": "2014-07-23", "email": "daveh@newwavecomm.net "}}, {"pk": 1, "model": "golf.course", "fields": {"slope": 118.0, "rating": 34.0, "hcap04": 8, "hcap05": 5, "hole9par": 4, "hcap03": 4, "hcap01": 2, "hole6par": 4, "hcap08": 9, "hcap09": 6, "hole4par": 3, "hcap02": 1, "hole5par": 4, "hole3par": 4, "hole2par": 4, "hole8par": 3, "mod_date": "2014-04-21", "hcap06": 7, "name": "Bunn Front", "hole1par": 5, "hole7par": 5, "hcap07": 3}}, {"pk": 2, "model": "golf.course", "fields": {"slope": 118.0, "rating": 35.5, "hcap04": 4, "hcap05": 3, "hole9par": 4, "hcap03": 7, "hcap01": 2, "hole6par": 3, "hcap08": 6, "hcap09": 1, "hole4par": 4, "hcap02": 9, "hole5par": 5, "hole3par": 4, "hole2par": 5, "hole8par": 3, "mod_date": "2014-04-21", "hcap06": 5, "name": "Bunn Back", "hole1par": 4, "hole7par": 4, "hcap07": 8}}, {"pk": 1, "model": "golf.round", "fields": {"hole_7": 7, "hole_8": 4, "mod_date": "2014-04-22", "hole_1": 5, "hole_9": 5, "date": "2014-04-21", "cur_handicap": 6, "week_num": 1, "year": 2014, "course_id": 2, "hole_3": 4, "hole_2": 6, "hole_5": 7, "hole_4": 4, "golfer_id": 1, "hole_6": 4}}, {"pk": 2, "model": "golf.round", "fields": {"hole_7": 5, "hole_8": 2, "mod_date": "2014-04-22", "hole_1": 8, "hole_9": 6, "date": "2014-04-21", "cur_handicap": 12, "week_num": 1, "year": 2014, "course_id": 2, "hole_3": 5, "hole_2": 6, "hole_5": 7, "hole_4": 5, "golfer_id": 6, "hole_6": 5}}, {"pk": 3, "model": "golf.round", "fields": {"hole_7": 5, "hole_8": 5, "mod_date": "2014-04-22", "hole_1": 6, "hole_9": 6, "date": "2014-04-21", "cur_handicap": 9, "week_num": 1, "year": 2014, "course_id": 2, "hole_3": 3, "hole_2": 6, "hole_5": 5, "hole_4": 5, "golfer_id": 3, "hole_6": 4}}, {"pk": 4, "model": "golf.round", "fields": {"hole_7": 5, "hole_8": 4, "mod_date": "2014-04-22", "hole_1": 8, "hole_9": 8, "date": "2014-04-21", "cur_handicap": 15, "week_num": 1, "year": 2014, "course_id": 2, "hole_3": 6, "hole_2": 7, "hole_5": 7, "hole_4": 5, "golfer_id": 8, "hole_6": 5}}, {"pk": 5, "model": "golf.round", "fields": {"hole_7": 4, "hole_8": 3, "mod_date": "2014-04-22", "hole_1": 6, "hole_9": 7, "date": "2014-04-21", "cur_handicap": 5, "week_num": 1, "year": 2014, "course_id": 2, "hole_3": 4, "hole_2": 7, "hole_5": 7, "hole_4": 4, "golfer_id": 4, "hole_6": 4}}, {"pk": 6, "model": "golf.round", "fields": {"hole_7": 5, "hole_8": 3, "mod_date": "2014-04-22", "hole_1": 7, "hole_9": 7, "date": "2014-04-21", "cur_handicap": 7, "week_num": 1, "year": 2014, "course_id": 2, "hole_3": 5, "hole_2": 5, "hole_5": 7, "hole_4": 5, "golfer_id": 2, "hole_6": 3}}, {"pk": 7, "model": "golf.round", "fields": {"hole_7": 5, "hole_8": 5, "mod_date": "2014-04-22", "hole_1": 6, "hole_9": 6, "date": "2014-04-21", "cur_handicap": 11, "week_num": 1, "year": 2014, "course_id": 2, "hole_3": 5, "hole_2": 7, "hole_5": 7, "hole_4": 6, "golfer_id": 7, "hole_6": 4}}, {"pk": 8, "model": "golf.round", "fields": {"hole_7": 4, "hole_8": 3, "mod_date": "2014-04-22", "hole_1": 5, "hole_9": 4, "date": "2014-04-21", "cur_handicap": 9, "week_num": 1, "year": 2014, "course_id": 2, "hole_3": 5, "hole_2": 6, "hole_5": 6, "hole_4": 5, "golfer_id": 5, "hole_6": 4}}, {"pk": 9, "model": "golf.round", "fields": {"hole_7": 8, "hole_8": 4, "mod_date": "2014-04-25", "hole_1": 10, "hole_9": 6, "date": "2014-04-21", "cur_handicap": 17, "week_num": 1, "year": 2014, "course_id": 2, "hole_3": 6, "hole_2": 8, "hole_5": 7, "hole_4": 8, "golfer_id": 10, "hole_6": 5}}, {"pk": 10, "model": "golf.round", "fields": {"hole_7": 7, "hole_8": 4, "mod_date": "2014-04-22", "hole_1": 8, "hole_9": 8, "date": "2014-04-21", "cur_handicap": 17, "week_num": 1, "year": 2014, "course_id": 2, "hole_3": 6, "hole_2": 7, "hole_5": 8, "hole_4": 6, "golfer_id": 9, "hole_6": 5}}, {"pk": 11, "model": "golf.round", "fields": {"hole_7": 7, "hole_8": 4, "mod_date": "2014-04-22", "hole_1": 9, "hole_9": 8, "date": "2014-04-21", "cur_handicap": 21, "week_num": 1, "year": 2014, "course_id": 2, "hole_3": 7, "hole_2": 7, "hole_5": 8, "hole_4": 8, "golfer_id": 11, "hole_6": 5}}, {"pk": 12, "model": "golf.round", "fields": {"hole_7": 5, "hole_8": 4, "mod_date": "2014-04-23", "hole_1": 6, "hole_9": 5, "date": "2014-04-21", "cur_handicap": 6, "week_num": 1, "year": 2014, "course_id": 2, "hole_3": 4, "hole_2": 5, "hole_5": 6, "hole_4": 6, "golfer_id": 14, "hole_6": 3}}, {"pk": 13, "model": "golf.round", "fields": {"hole_7": 6, "hole_8": 5, "mod_date": "2014-04-23", "hole_1": 5, "hole_9": 7, "date": "2014-04-21", "cur_handicap": 11, "week_num": 1, "year": 2014, "course_id": 2, "hole_3": 5, "hole_2": 6, "hole_5": 6, "hole_4": 8, "golfer_id": 15, "hole_6": 5}}, {"pk": 14, "model": "golf.round", "fields": {"hole_7": 6, "hole_8": 5, "mod_date": "2014-04-23", "hole_1": 8, "hole_9": 9, "date": "2014-04-21", "cur_handicap": 23, "week_num": 1, "year": 2014, "course_id": 2, "hole_3": 8, "hole_2": 9, "hole_5": 8, "hole_4": 8, "golfer_id": 16, "hole_6": 5}}, {"pk": 15, "model": "golf.round", "fields": {"hole_7": 5, "hole_8": 4, "mod_date": "2014-04-23", "hole_1": 5, "hole_9": 4, "date": "2014-04-22", "cur_handicap": 8, "week_num": 1, "year": 2014, "course_id": 2, "hole_3": 6, "hole_2": 6, "hole_5": 6, "hole_4": 4, "golfer_id": 13, "hole_6": 4}}, {"pk": 17, "model": "golf.round", "fields": {"hole_7": 5, "hole_8": 4, "mod_date": "2014-05-04", "hole_1": 6, "hole_9": 5, "date": "2014-05-03", "cur_handicap": 6, "week_num": 1, "year": 2014, "course_id": 2, "hole_3": 5, "hole_2": 5, "hole_5": 6, "hole_4": 4, "golfer_id": 12, "hole_6": 4}}, {"pk": 18, "model": "golf.round", "fields": {"hole_7": 5, "hole_8": 2, "mod_date": "2014-05-06", "hole_1": 5, "hole_9": 6, "date": "2014-05-05", "cur_handicap": 8, "week_num": 3, "year": 2014, "course_id": 2, "hole_3": 7, "hole_2": 6, "hole_5": 6, "hole_4": 5, "golfer_id": 12, "hole_6": 3}}, {"pk": 19, "model": "golf.round", "fields": {"hole_7": 5, "hole_8": 4, "mod_date": "2014-05-06", "hole_1": 7, "hole_9": 6, "date": "2014-05-05", "cur_handicap": 15, "week_num": 3, "year": 2014, "course_id": 2, "hole_3": 6, "hole_2": 6, "hole_5": 6, "hole_4": 6, "golfer_id": 7, "hole_6": 4}}, {"pk": 20, "model": "golf.round", "fields": {"hole_7": 7, "hole_8": 5, "mod_date": "2014-05-06", "hole_1": 8, "hole_9": 10, "date": "2014-05-05", "cur_handicap": 29, "week_num": 3, "year": 2014, "course_id": 2, "hole_3": 5, "hole_2": 9, "hole_5": 9, "hole_4": 8, "golfer_id": 16, "hole_6": 5}}, {"pk": 21, "model": "golf.round", "fields": {"hole_7": 6, "hole_8": 5, "mod_date": "2014-05-06", "hole_1": 10, "hole_9": 8, "date": "2014-05-05", "cur_handicap": 25, "week_num": 3, "year": 2014, "course_id": 2, "hole_3": 6, "hole_2": 8, "hole_5": 10, "hole_4": 10, "golfer_id": 10, "hole_6": 5}}, {"pk": 22, "model": "golf.round", "fields": {"hole_7": 5, "hole_8": 4, "mod_date": "2014-05-06", "hole_1": 9, "hole_9": 8, "date": "2014-05-05", "cur_handicap": 26, "week_num": 3, "year": 2014, "course_id": 2, "hole_3": 8, "hole_2": 10, "hole_5": 8, "hole_4": 8, "golfer_id": 11, "hole_6": 6}}, {"pk": 23, "model": "golf.round", "fields": {"hole_7": 4, "hole_8": 4, "mod_date": "2014-05-06", "hole_1": 6, "hole_9": 6, "date": "2014-05-05", "cur_handicap": 9, "week_num": 3, "year": 2014, "course_id": 2, "hole_3": 5, "hole_2": 5, "hole_5": 6, "hole_4": 6, "golfer_id": 3, "hole_6": 4}}, {"pk": 24, "model": "golf.round", "fields": {"hole_7": 5, "hole_8": 4, "mod_date": "2014-05-06", "hole_1": 6, "hole_9": 5, "date": "2014-05-05", "cur_handicap": 8, "week_num": 3, "year": 2014, "course_id": 2, "hole_3": 4, "hole_2": 6, "hole_5": 7, "hole_4": 4, "golfer_id": 13, "hole_6": 4}}, {"pk": 25, "model": "golf.round", "fields": {"hole_7": 3, "hole_8": 4, "mod_date": "2014-05-06", "hole_1": 5, "hole_9": 5, "date": "2014-05-05", "cur_handicap": 10, "week_num": 3, "year": 2014, "course_id": 2, "hole_3": 5, "hole_2": 6, "hole_5": 5, "hole_4": 5, "golfer_id": 1, "hole_6": 3}}, {"pk": 26, "model": "golf.round", "fields": {"hole_7": 5, "hole_8": 5, "mod_date": "2014-05-06", "hole_1": 6, "hole_9": 7, "date": "2014-05-05", "cur_handicap": 19, "week_num": 3, "year": 2014, "course_id": 2, "hole_3": 4, "hole_2": 7, "hole_5": 7, "hole_4": 5, "golfer_id": 8, "hole_6": 6}}, {"pk": 27, "model": "golf.round", "fields": {"hole_7": 5, "hole_8": 5, "mod_date": "2014-05-06", "hole_1": 5, "hole_9": 7, "date": "2014-05-05", "cur_handicap": 17, "week_num": 3, "year": 2014, "course_id": 2, "hole_3": 6, "hole_2": 8, "hole_5": 6, "hole_4": 7, "golfer_id": 15, "hole_6": 4}}, {"pk": 28, "model": "golf.round", "fields": {"hole_7": 5, "hole_8": 4, "mod_date": "2014-05-06", "hole_1": 6, "hole_9": 5, "date": "2014-05-05", "cur_handicap": 6, "week_num": 3, "year": 2014, "course_id": 2, "hole_3": 5, "hole_2": 4, "hole_5": 6, "hole_4": 5, "golfer_id": 5, "hole_6": 4}}, {"pk": 29, "model": "golf.round", "fields": {"hole_7": 4, "hole_8": 4, "mod_date": "2014-05-06", "hole_1": 6, "hole_9": 6, "date": "2014-05-05", "cur_handicap": 8, "week_num": 3, "year": 2014, "course_id": 2, "hole_3": 5, "hole_2": 4, "hole_5": 6, "hole_4": 5, "golfer_id": 14, "hole_6": 4}}, {"pk": 30, "model": "golf.round", "fields": {"hole_7": 7, "hole_8": 3, "mod_date": "2014-05-13", "hole_1": 7, "hole_9": 6, "date": "2014-05-12", "cur_handicap": 14, "week_num": 4, "year": 2014, "course_id": 1, "hole_3": 5, "hole_2": 6, "hole_5": 6, "hole_4": 5, "golfer_id": 7, "hole_6": 5}}, {"pk": 31, "model": "golf.round", "fields": {"hole_7": 7, "hole_8": 5, "mod_date": "2014-05-13", "hole_1": 5, "hole_9": 5, "date": "2014-05-12", "cur_handicap": 12, "week_num": 4, "year": 2014, "course_id": 1, "hole_3": 6, "hole_2": 7, "hole_5": 6, "hole_4": 4, "golfer_id": 17, "hole_6": 7}}, {"pk": 32, "model": "golf.round", "fields": {"hole_7": 5, "hole_8": 3, "mod_date": "2014-05-13", "hole_1": 7, "hole_9": 4, "date": "2014-05-12", "cur_handicap": 8, "week_num": 4, "year": 2014, "course_id": 1, "hole_3": 5, "hole_2": 5, "hole_5": 4, "hole_4": 4, "golfer_id": 13, "hole_6": 5}}, {"pk": 33, "model": "golf.round", "fields": {"hole_7": 5, "hole_8": 3, "mod_date": "2014-05-13", "hole_1": 6, "hole_9": 4, "date": "2014-05-12", "cur_handicap": 5, "week_num": 4, "year": 2014, "course_id": 1, "hole_3": 6, "hole_2": 6, "hole_5": 5, "hole_4": 4, "golfer_id": 1, "hole_6": 5}}, {"pk": 34, "model": "golf.round", "fields": {"hole_7": 6, "hole_8": 4, "mod_date": "2014-05-13", "hole_1": 7, "hole_9": 4, "date": "2014-05-12", "cur_handicap": 8, "week_num": 4, "year": 2014, "course_id": 1, "hole_3": 6, "hole_2": 7, "hole_5": 4, "hole_4": 3, "golfer_id": 12, "hole_6": 4}}, {"pk": 35, "model": "golf.round", "fields": {"hole_7": 5, "hole_8": 3, "mod_date": "2014-05-13", "hole_1": 8, "hole_9": 4, "date": "2014-05-12", "cur_handicap": 10, "week_num": 4, "year": 2014, "course_id": 1, "hole_3": 4, "hole_2": 5, "hole_5": 5, "hole_4": 3, "golfer_id": 4, "hole_6": 5}}, {"pk": 36, "model": "golf.round", "fields": {"hole_7": 7, "hole_8": 3, "mod_date": "2014-05-13", "hole_1": 9, "hole_9": 7, "date": "2014-05-12", "cur_handicap": 16, "week_num": 4, "year": 2014, "course_id": 1, "hole_3": 8, "hole_2": 6, "hole_5": 6, "hole_4": 5, "golfer_id": 8, "hole_6": 6}}, {"pk": 37, "model": "golf.round", "fields": {"hole_7": 5, "hole_8": 3, "mod_date": "2014-05-13", "hole_1": 8, "hole_9": 5, "date": "2014-05-12", "cur_handicap": 17, "week_num": 4, "year": 2014, "course_id": 1, "hole_3": 6, "hole_2": 6, "hole_5": 6, "hole_4": 4, "golfer_id": 15, "hole_6": 6}}, {"pk": 38, "model": "golf.round", "fields": {"hole_7": 6, "hole_8": 3, "mod_date": "2014-05-13", "hole_1": 7, "hole_9": 5, "date": "2014-05-12", "cur_handicap": 9, "week_num": 4, "year": 2014, "course_id": 1, "hole_3": 5, "hole_2": 6, "hole_5": 6, "hole_4": 2, "golfer_id": 3, "hole_6": 4}}, {"pk": 39, "model": "golf.round", "fields": {"hole_7": 6, "hole_8": 6, "mod_date": "2014-05-13", "hole_1": 8, "hole_9": 6, "date": "2014-05-12", "cur_handicap": 26, "week_num": 4, "year": 2014, "course_id": 1, "hole_3": 5, "hole_2": 7, "hole_5": 5, "hole_4": 3, "golfer_id": 11, "hole_6": 6}}, {"pk": 40, "model": "golf.round", "fields": {"hole_7": 9, "hole_8": 4, "mod_date": "2014-05-13", "hole_1": 8, "hole_9": 7, "date": "2014-05-12", "cur_handicap": 25, "week_num": 4, "year": 2014, "course_id": 1, "hole_3": 8, "hole_2": 7, "hole_5": 7, "hole_4": 4, "golfer_id": 10, "hole_6": 6}}, {"pk": 41, "model": "golf.round", "fields": {"hole_7": 7, "hole_8": 4, "mod_date": "2014-05-13", "hole_1": 7, "hole_9": 5, "date": "2014-05-12", "cur_handicap": 13, "week_num": 4, "year": 2014, "course_id": 1, "hole_3": 7, "hole_2": 6, "hole_5": 5, "hole_4": 4, "golfer_id": 6, "hole_6": 6}}, {"pk": 42, "model": "golf.round", "fields": {"hole_7": 8, "hole_8": 4, "mod_date": "2014-05-13", "hole_1": 8, "hole_9": 6, "date": "2014-05-12", "cur_handicap": 23, "week_num": 4, "year": 2014, "course_id": 1, "hole_3": 7, "hole_2": 7, "hole_5": 6, "hole_4": 5, "golfer_id": 9, "hole_6": 6}}, {"pk": 43, "model": "golf.round", "fields": {"hole_7": 7, "hole_8": 4, "mod_date": "2014-05-13", "hole_1": 9, "hole_9": 5, "date": "2014-05-12", "cur_handicap": 29, "week_num": 4, "year": 2014, "course_id": 1, "hole_3": 6, "hole_2": 10, "hole_5": 9, "hole_4": 4, "golfer_id": 16, "hole_6": 6}}, {"pk": 44, "model": "golf.round", "fields": {"hole_7": 7, "hole_8": 3, "mod_date": "2014-05-13", "hole_1": 5, "hole_9": 4, "date": "2014-05-12", "cur_handicap": 8, "week_num": 4, "year": 2014, "course_id": 1, "hole_3": 4, "hole_2": 7, "hole_5": 5, "hole_4": 2, "golfer_id": 14, "hole_6": 5}}, {"pk": 45, "model": "golf.round", "fields": {"hole_7": 4, "hole_8": 3, "mod_date": "2014-05-13", "hole_1": 5, "hole_9": 7, "date": "2014-05-12", "cur_handicap": 6, "week_num": 4, "year": 2014, "course_id": 1, "hole_3": 6, "hole_2": 4, "hole_5": 5, "hole_4": 4, "golfer_id": 5, "hole_6": 4}}, {"pk": 46, "model": "golf.round", "fields": {"hole_7": 5, "hole_8": 4, "mod_date": "2014-05-13", "hole_1": 6, "hole_9": 4, "date": "2014-05-10", "cur_handicap": 11, "week_num": 4, "year": 2014, "course_id": 1, "hole_3": 4, "hole_2": 6, "hole_5": 3, "hole_4": 4, "golfer_id": 2, "hole_6": 6}}, {"pk": 47, "model": "golf.round", "fields": {"hole_7": 6, "hole_8": 3, "mod_date": "2014-05-20", "hole_1": 3, "hole_9": 5, "date": "2014-05-19", "cur_handicap": 7, "week_num": 5, "year": 2014, "course_id": 2, "hole_3": 4, "hole_2": 4, "hole_5": 7, "hole_4": 4, "golfer_id": 1, "hole_6": 4}}, {"pk": 48, "model": "golf.round", "fields": {"hole_7": 4, "hole_8": 4, "mod_date": "2014-05-20", "hole_1": 6, "hole_9": 6, "date": "2014-05-19", "cur_handicap": 8, "week_num": 5, "year": 2014, "course_id": 2, "hole_3": 5, "hole_2": 6, "hole_5": 7, "hole_4": 6, "golfer_id": 4, "hole_6": 3}}, {"pk": 49, "model": "golf.round", "fields": {"hole_7": 5, "hole_8": 4, "mod_date": "2014-05-20", "hole_1": 6, "hole_9": 4, "date": "2014-05-19", "cur_handicap": 8, "week_num": 5, "year": 2014, "course_id": 2, "hole_3": 6, "hole_2": 6, "hole_5": 6, "hole_4": 4, "golfer_id": 14, "hole_6": 5}}, {"pk": 50, "model": "golf.round", "fields": {"hole_7": 5, "hole_8": 4, "mod_date": "2014-05-20", "hole_1": 6, "hole_9": 7, "date": "2014-05-19", "cur_handicap": 14, "week_num": 5, "year": 2014, "course_id": 2, "hole_3": 5, "hole_2": 7, "hole_5": 7, "hole_4": 5, "golfer_id": 7, "hole_6": 4}}, {"pk": 51, "model": "golf.round", "fields": {"hole_7": 5, "hole_8": 3, "mod_date": "2014-05-20", "hole_1": 4, "hole_9": 6, "date": "2014-05-19", "cur_handicap": 9, "week_num": 5, "year": 2014, "course_id": 2, "hole_3": 5, "hole_2": 6, "hole_5": 6, "hole_4": 6, "golfer_id": 12, "hole_6": 3}}, {"pk": 52, "model": "golf.round", "fields": {"hole_7": 4, "hole_8": 5, "mod_date": "2014-05-20", "hole_1": 8, "hole_9": 6, "date": "2014-05-19", "cur_handicap": 16, "week_num": 5, "year": 2014, "course_id": 2, "hole_3": 5, "hole_2": 6, "hole_5": 6, "hole_4": 6, "golfer_id": 15, "hole_6": 5}}, {"pk": 53, "model": "golf.round", "fields": {"hole_7": 6, "hole_8": 5, "mod_date": "2014-05-20", "hole_1": 8, "hole_9": 7, "date": "2014-05-19", "cur_handicap": 27, "week_num": 5, "year": 2014, "course_id": 2, "hole_3": 6, "hole_2": 8, "hole_5": 7, "hole_4": 6, "golfer_id": 16, "hole_6": 4}}, {"pk": 54, "model": "golf.round", "fields": {"hole_7": 6, "hole_8": 4, "mod_date": "2014-05-20", "hole_1": 6, "hole_9": 7, "date": "2014-05-19", "cur_handicap": 22, "week_num": 5, "year": 2014, "course_id": 2, "hole_3": 8, "hole_2": 9, "hole_5": 7, "hole_4": 8, "golfer_id": 11, "hole_6": 5}}, {"pk": 55, "model": "golf.round", "fields": {"hole_7": 3, "hole_8": 4, "mod_date": "2014-05-20", "hole_1": 6, "hole_9": 7, "date": "2014-05-19", "cur_handicap": 7, "week_num": 5, "year": 2014, "course_id": 2, "hole_3": 6, "hole_2": 6, "hole_5": 6, "hole_4": 5, "golfer_id": 5, "hole_6": 4}}, {"pk": 56, "model": "golf.round", "fields": {"hole_7": 4, "hole_8": 5, "mod_date": "2014-05-20", "hole_1": 5, "hole_9": 7, "date": "2014-05-19", "cur_handicap": 13, "week_num": 5, "year": 2014, "course_id": 2, "hole_3": 4, "hole_2": 7, "hole_5": 6, "hole_4": 7, "golfer_id": 6, "hole_6": 4}}, {"pk": 57, "model": "golf.round", "fields": {"hole_7": 5, "hole_8": 4, "mod_date": "2014-05-20", "hole_1": 7, "hole_9": 6, "date": "2014-05-19", "cur_handicap": 9, "week_num": 5, "year": 2014, "course_id": 2, "hole_3": 4, "hole_2": 6, "hole_5": 5, "hole_4": 6, "golfer_id": 3, "hole_6": 4}}, {"pk": 58, "model": "golf.round", "fields": {"hole_7": 6, "hole_8": 3, "mod_date": "2014-05-20", "hole_1": 5, "hole_9": 6, "date": "2014-05-19", "cur_handicap": 8, "week_num": 5, "year": 2014, "course_id": 2, "hole_3": 4, "hole_2": 7, "hole_5": 6, "hole_4": 6, "golfer_id": 2, "hole_6": 3}}, {"pk": 59, "model": "golf.round", "fields": {"hole_7": 4, "hole_8": 3, "mod_date": "2014-05-20", "hole_1": 8, "hole_9": 5, "date": "2014-05-19", "cur_handicap": 17, "week_num": 5, "year": 2014, "course_id": 2, "hole_3": 4, "hole_2": 8, "hole_5": 8, "hole_4": 5, "golfer_id": 8, "hole_6": 4}}, {"pk": 60, "model": "golf.round", "fields": {"hole_7": 7, "hole_8": 4, "mod_date": "2014-05-20", "hole_1": 6, "hole_9": 7, "date": "2014-05-19", "cur_handicap": 22, "week_num": 5, "year": 2014, "course_id": 2, "hole_3": 6, "hole_2": 9, "hole_5": 7, "hole_4": 7, "golfer_id": 9, "hole_6": 5}}, {"pk": 61, "model": "golf.round", "fields": {"hole_7": 4, "hole_8": 4, "mod_date": "2014-05-20", "hole_1": 4, "hole_9": 7, "date": "2014-05-19", "cur_handicap": 8, "week_num": 5, "year": 2014, "course_id": 2, "hole_3": 3, "hole_2": 5, "hole_5": 5, "hole_4": 4, "golfer_id": 13, "hole_6": 4}}, {"pk": 62, "model": "golf.round", "fields": {"hole_7": 5, "hole_8": 3, "mod_date": "2014-06-04", "hole_1": 7, "hole_9": 4, "date": "2014-06-02", "cur_handicap": 6, "week_num": 6, "year": 2014, "course_id": 1, "hole_3": 6, "hole_2": 6, "hole_5": 6, "hole_4": 3, "golfer_id": 13, "hole_6": 4}}, {"pk": 63, "model": "golf.round", "fields": {"hole_7": 5, "hole_8": 6, "mod_date": "2014-06-04", "hole_1": 7, "hole_9": 4, "date": "2014-06-02", "cur_handicap": 9, "week_num": 6, "year": 2014, "course_id": 1, "hole_3": 5, "hole_2": 6, "hole_5": 4, "hole_4": 3, "golfer_id": 4, "hole_6": 4}}, {"pk": 64, "model": "golf.round", "fields": {"hole_7": 5, "hole_8": 5, "mod_date": "2014-06-04", "hole_1": 6, "hole_9": 4, "date": "2014-06-02", "cur_handicap": 8, "week_num": 6, "year": 2014, "course_id": 1, "hole_3": 5, "hole_2": 5, "hole_5": 5, "hole_4": 4, "golfer_id": 12, "hole_6": 5}}, {"pk": 65, "model": "golf.round", "fields": {"hole_7": 6, "hole_8": 3, "mod_date": "2014-06-04", "hole_1": 5, "hole_9": 4, "date": "2014-06-02", "cur_handicap": 7, "week_num": 6, "year": 2014, "course_id": 1, "hole_3": 5, "hole_2": 4, "hole_5": 5, "hole_4": 4, "golfer_id": 5, "hole_6": 6}}, {"pk": 66, "model": "golf.round", "fields": {"hole_7": 6, "hole_8": 4, "mod_date": "2014-06-04", "hole_1": 6, "hole_9": 5, "date": "2014-06-02", "cur_handicap": 9, "week_num": 6, "year": 2014, "course_id": 1, "hole_3": 5, "hole_2": 7, "hole_5": 5, "hole_4": 5, "golfer_id": 3, "hole_6": 5}}, {"pk": 67, "model": "golf.round", "fields": {"hole_7": 6, "hole_8": 2, "mod_date": "2014-06-04", "hole_1": 7, "hole_9": 4, "date": "2014-06-02", "cur_handicap": 8, "week_num": 6, "year": 2014, "course_id": 1, "hole_3": 5, "hole_2": 4, "hole_5": 5, "hole_4": 4, "golfer_id": 14, "hole_6": 6}}, {"pk": 68, "model": "golf.round", "fields": {"hole_7": 6, "hole_8": 3, "mod_date": "2014-06-04", "hole_1": 8, "hole_9": 4, "date": "2014-06-02", "cur_handicap": 15, "week_num": 6, "year": 2014, "course_id": 1, "hole_3": 7, "hole_2": 6, "hole_5": 7, "hole_4": 4, "golfer_id": 15, "hole_6": 7}}, {"pk": 69, "model": "golf.round", "fields": {"hole_7": 6, "hole_8": 3, "mod_date": "2014-06-04", "hole_1": 8, "hole_9": 6, "date": "2014-06-02", "cur_handicap": 14, "week_num": 6, "year": 2014, "course_id": 1, "hole_3": 6, "hole_2": 7, "hole_5": 7, "hole_4": 4, "golfer_id": 8, "hole_6": 6}}, {"pk": 70, "model": "golf.round", "fields": {"hole_7": 7, "hole_8": 4, "mod_date": "2014-06-04", "hole_1": 9, "hole_9": 6, "date": "2014-06-02", "cur_handicap": 22, "week_num": 6, "year": 2014, "course_id": 1, "hole_3": 7, "hole_2": 8, "hole_5": 6, "hole_4": 5, "golfer_id": 9, "hole_6": 6}}, {"pk": 71, "model": "golf.round", "fields": {"hole_7": 8, "hole_8": 3, "mod_date": "2014-06-04", "hole_1": 5, "hole_9": 6, "date": "2014-06-02", "cur_handicap": 17, "week_num": 6, "year": 2014, "course_id": 1, "hole_3": 5, "hole_2": 6, "hole_5": 5, "hole_4": 4, "golfer_id": 17, "hole_6": 5}}, {"pk": 72, "model": "golf.round", "fields": {"hole_7": 10, "hole_8": 8, "mod_date": "2014-06-04", "hole_1": 9, "hole_9": 7, "date": "2014-06-02", "cur_handicap": 23, "week_num": 6, "year": 2014, "course_id": 1, "hole_3": 8, "hole_2": 6, "hole_5": 8, "hole_4": 3, "golfer_id": 16, "hole_6": 6}}, {"pk": 73, "model": "golf.round", "fields": {"hole_7": 5, "hole_8": 3, "mod_date": "2014-06-04", "hole_1": 6, "hole_9": 5, "date": "2014-06-02", "cur_handicap": 9, "week_num": 6, "year": 2014, "course_id": 1, "hole_3": 4, "hole_2": 5, "hole_5": 5, "hole_4": 4, "golfer_id": 2, "hole_6": 5}}, {"pk": 74, "model": "golf.round", "fields": {"hole_7": 8, "hole_8": 5, "mod_date": "2014-06-04", "hole_1": 10, "hole_9": 6, "date": "2014-06-02", "cur_handicap": 20, "week_num": 6, "year": 2014, "course_id": 1, "hole_3": 7, "hole_2": 5, "hole_5": 4, "hole_4": 5, "golfer_id": 11, "hole_6": 7}}, {"pk": 75, "model": "golf.round", "fields": {"hole_7": 6, "hole_8": 3, "mod_date": "2014-06-04", "hole_1": 6, "hole_9": 6, "date": "2014-06-02", "cur_handicap": 14, "week_num": 6, "year": 2014, "course_id": 1, "hole_3": 6, "hole_2": 6, "hole_5": 5, "hole_4": 2, "golfer_id": 7, "hole_6": 5}}, {"pk": 76, "model": "golf.round", "fields": {"hole_7": 7, "hole_8": 4, "mod_date": "2014-06-04", "hole_1": 7, "hole_9": 5, "date": "2014-06-02", "cur_handicap": 25, "week_num": 6, "year": 2014, "course_id": 1, "hole_3": 6, "hole_2": 5, "hole_5": 6, "hole_4": 4, "golfer_id": 10, "hole_6": 6}}, {"pk": 77, "model": "golf.round", "fields": {"hole_7": 6, "hole_8": 2, "mod_date": "2014-06-04", "hole_1": 6, "hole_9": 6, "date": "2014-06-02", "cur_handicap": 5, "week_num": 6, "year": 2014, "course_id": 1, "hole_3": 4, "hole_2": 5, "hole_5": 5, "hole_4": 3, "golfer_id": 1, "hole_6": 4}}, {"pk": 78, "model": "golf.round", "fields": {"hole_7": 8, "hole_8": 5, "mod_date": "2014-06-04", "hole_1": 8, "hole_9": 6, "date": "2014-06-02", "cur_handicap": 13, "week_num": 6, "year": 2014, "course_id": 1, "hole_3": 7, "hole_2": 5, "hole_5": 6, "hole_4": 5, "golfer_id": 6, "hole_6": 6}}, {"pk": 79, "model": "golf.round", "fields": {"hole_7": 4, "hole_8": 6, "mod_date": "2014-06-11", "hole_1": 6, "hole_9": 7, "date": "2014-06-09", "cur_handicap": 25, "week_num": 7, "year": 2014, "course_id": 2, "hole_3": 6, "hole_2": 8, "hole_5": 10, "hole_4": 6, "golfer_id": 16, "hole_6": 4}}, {"pk": 80, "model": "golf.round", "fields": {"hole_7": 5, "hole_8": 5, "mod_date": "2014-06-11", "hole_1": 10, "hole_9": 6, "date": "2014-06-09", "cur_handicap": 22, "week_num": 7, "year": 2014, "course_id": 2, "hole_3": 8, "hole_2": 8, "hole_5": 10, "hole_4": 6, "golfer_id": 9, "hole_6": 4}}, {"pk": 81, "model": "golf.round", "fields": {"hole_7": 7, "hole_8": 6, "mod_date": "2014-06-11", "hole_1": 8, "hole_9": 8, "date": "2014-06-09", "cur_handicap": 21, "week_num": 7, "year": 2014, "course_id": 2, "hole_3": 6, "hole_2": 8, "hole_5": 8, "hole_4": 8, "golfer_id": 11, "hole_6": 5}}, {"pk": 82, "model": "golf.round", "fields": {"hole_7": 4, "hole_8": 4, "mod_date": "2014-06-11", "hole_1": 5, "hole_9": 6, "date": "2014-06-09", "cur_handicap": 7, "week_num": 7, "year": 2014, "course_id": 2, "hole_3": 4, "hole_2": 6, "hole_5": 4, "hole_4": 7, "golfer_id": 5, "hole_6": 3}}, {"pk": 83, "model": "golf.round", "fields": {"hole_7": 5, "hole_8": 4, "mod_date": "2014-06-11", "hole_1": 5, "hole_9": 6, "date": "2014-06-09", "cur_handicap": 15, "week_num": 7, "year": 2014, "course_id": 2, "hole_3": 6, "hole_2": 8, "hole_5": 7, "hole_4": 5, "golfer_id": 15, "hole_6": 5}}, {"pk": 84, "model": "golf.round", "fields": {"hole_7": 7, "hole_8": 5, "mod_date": "2014-06-11", "hole_1": 4, "hole_9": 5, "date": "2014-06-09", "cur_handicap": 13, "week_num": 7, "year": 2014, "course_id": 2, "hole_3": 4, "hole_2": 5, "hole_5": 6, "hole_4": 6, "golfer_id": 7, "hole_6": 4}}, {"pk": 85, "model": "golf.round", "fields": {"hole_7": 4, "hole_8": 5, "mod_date": "2014-06-11", "hole_1": 5, "hole_9": 6, "date": "2014-06-09", "cur_handicap": 8, "week_num": 7, "year": 2014, "course_id": 2, "hole_3": 4, "hole_2": 6, "hole_5": 6, "hole_4": 4, "golfer_id": 14, "hole_6": 5}}, {"pk": 86, "model": "golf.round", "fields": {"hole_7": 6, "hole_8": 4, "mod_date": "2014-06-11", "hole_1": 4, "hole_9": 5, "date": "2014-06-09", "cur_handicap": 8, "week_num": 7, "year": 2014, "course_id": 2, "hole_3": 4, "hole_2": 5, "hole_5": 5, "hole_4": 5, "golfer_id": 2, "hole_6": 3}}, {"pk": 87, "model": "golf.round", "fields": {"hole_7": 4, "hole_8": 3, "mod_date": "2014-06-11", "hole_1": 5, "hole_9": 6, "date": "2014-06-09", "cur_handicap": 8, "week_num": 7, "year": 2014, "course_id": 2, "hole_3": 5, "hole_2": 6, "hole_5": 7, "hole_4": 6, "golfer_id": 12, "hole_6": 3}}, {"pk": 88, "model": "golf.round", "fields": {"hole_7": 6, "hole_8": 3, "mod_date": "2014-06-11", "hole_1": 6, "hole_9": 5, "date": "2014-06-09", "cur_handicap": 7, "week_num": 7, "year": 2014, "course_id": 2, "hole_3": 4, "hole_2": 5, "hole_5": 6, "hole_4": 4, "golfer_id": 13, "hole_6": 4}}, {"pk": 89, "model": "golf.round", "fields": {"hole_7": 6, "hole_8": 4, "mod_date": "2014-06-11", "hole_1": 6, "hole_9": 5, "date": "2014-06-09", "cur_handicap": 13, "week_num": 7, "year": 2014, "course_id": 2, "hole_3": 7, "hole_2": 6, "hole_5": 7, "hole_4": 7, "golfer_id": 6, "hole_6": 4}}, {"pk": 90, "model": "golf.round", "fields": {"hole_7": 6, "hole_8": 5, "mod_date": "2014-06-11", "hole_1": 8, "hole_9": 10, "date": "2014-06-09", "cur_handicap": 20, "week_num": 7, "year": 2014, "course_id": 2, "hole_3": 7, "hole_2": 8, "hole_5": 8, "hole_4": 7, "golfer_id": 10, "hole_6": 3}}, {"pk": 91, "model": "golf.round", "fields": {"hole_7": 5, "hole_8": 4, "mod_date": "2014-06-11", "hole_1": 8, "hole_9": 7, "date": "2014-06-09", "cur_handicap": 10, "week_num": 7, "year": 2014, "course_id": 2, "hole_3": 5, "hole_2": 5, "hole_5": 5, "hole_4": 6, "golfer_id": 3, "hole_6": 3}}, {"pk": 92, "model": "golf.round", "fields": {"hole_7": 7, "hole_8": 4, "mod_date": "2014-06-11", "hole_1": 5, "hole_9": 5, "date": "2014-06-09", "cur_handicap": 5, "week_num": 7, "year": 2014, "course_id": 2, "hole_3": 4, "hole_2": 6, "hole_5": 5, "hole_4": 5, "golfer_id": 1, "hole_6": 4}}, {"pk": 93, "model": "golf.round", "fields": {"hole_7": 7, "hole_8": 7, "mod_date": "2014-06-11", "hole_1": 6, "hole_9": 4, "date": "2014-06-09", "cur_handicap": 9, "week_num": 7, "year": 2014, "course_id": 2, "hole_3": 6, "hole_2": 6, "hole_5": 6, "hole_4": 5, "golfer_id": 4, "hole_6": 3}}, {"pk": 94, "model": "golf.round", "fields": {"hole_7": 6, "hole_8": 4, "mod_date": "2014-06-11", "hole_1": 6, "hole_9": 8, "date": "2014-06-09", "cur_handicap": 12, "week_num": 7, "year": 2014, "course_id": 2, "hole_3": 4, "hole_2": 6, "hole_5": 8, "hole_4": 5, "golfer_id": 17, "hole_6": 4}}, {"pk": 95, "model": "golf.round", "fields": {"hole_7": 4, "hole_8": 4, "mod_date": "2014-06-11", "hole_1": 7, "hole_9": 7, "date": "2014-06-09", "cur_handicap": 16, "week_num": 7, "year": 2014, "course_id": 2, "hole_3": 8, "hole_2": 6, "hole_5": 8, "hole_4": 6, "golfer_id": 8, "hole_6": 3}}, {"pk": 96, "model": "golf.round", "fields": {"hole_7": 6, "hole_8": 3, "mod_date": "2014-06-18", "hole_1": 5, "hole_9": 6, "date": "2014-06-16", "cur_handicap": 8, "week_num": 8, "year": 2014, "course_id": 1, "hole_3": 5, "hole_2": 6, "hole_5": 5, "hole_4": 4, "golfer_id": 12, "hole_6": 5}}, {"pk": 97, "model": "golf.round", "fields": {"hole_7": 7, "hole_8": 4, "mod_date": "2014-06-18", "hole_1": 6, "hole_9": 6, "date": "2014-06-16", "cur_handicap": 22, "week_num": 8, "year": 2014, "course_id": 1, "hole_3": 5, "hole_2": 8, "hole_5": 6, "hole_4": 4, "golfer_id": 10, "hole_6": 5}}, {"pk": 98, "model": "golf.round", "fields": {"hole_7": 5, "hole_8": 4, "mod_date": "2014-06-18", "hole_1": 7, "hole_9": 4, "date": "2014-06-16", "cur_handicap": 9, "week_num": 8, "year": 2014, "course_id": 1, "hole_3": 4, "hole_2": 6, "hole_5": 4, "hole_4": 3, "golfer_id": 4, "hole_6": 5}}, {"pk": 99, "model": "golf.round", "fields": {"hole_7": 5, "hole_8": 3, "mod_date": "2014-06-18", "hole_1": 6, "hole_9": 6, "date": "2014-06-16", "cur_handicap": 7, "week_num": 8, "year": 2014, "course_id": 1, "hole_3": 7, "hole_2": 6, "hole_5": 6, "hole_4": 4, "golfer_id": 5, "hole_6": 4}}, {"pk": 100, "model": "golf.round", "fields": {"hole_7": 7, "hole_8": 4, "mod_date": "2014-06-18", "hole_1": 7, "hole_9": 8, "date": "2014-06-16", "cur_handicap": 21, "week_num": 8, "year": 2014, "course_id": 1, "hole_3": 8, "hole_2": 6, "hole_5": 5, "hole_4": 2, "golfer_id": 11, "hole_6": 6}}, {"pk": 101, "model": "golf.round", "fields": {"hole_7": 5, "hole_8": 5, "mod_date": "2014-06-18", "hole_1": 7, "hole_9": 5, "date": "2014-06-16", "cur_handicap": 12, "week_num": 8, "year": 2014, "course_id": 1, "hole_3": 3, "hole_2": 7, "hole_5": 5, "hole_4": 6, "golfer_id": 7, "hole_6": 7}}, {"pk": 102, "model": "golf.round", "fields": {"hole_7": 6, "hole_8": 4, "mod_date": "2014-06-18", "hole_1": 8, "hole_9": 7, "date": "2014-06-16", "cur_handicap": 15, "week_num": 8, "year": 2014, "course_id": 1, "hole_3": 6, "hole_2": 6, "hole_5": 5, "hole_4": 4, "golfer_id": 15, "hole_6": 6}}, {"pk": 103, "model": "golf.round", "fields": {"hole_7": 5, "hole_8": 3, "mod_date": "2014-06-18", "hole_1": 5, "hole_9": 5, "date": "2014-06-16", "cur_handicap": 7, "week_num": 8, "year": 2014, "course_id": 1, "hole_3": 5, "hole_2": 5, "hole_5": 5, "hole_4": 5, "golfer_id": 2, "hole_6": 3}}, {"pk": 104, "model": "golf.round", "fields": {"hole_7": 4, "hole_8": 4, "mod_date": "2014-06-18", "hole_1": 6, "hole_9": 5, "date": "2014-06-16", "cur_handicap": 8, "week_num": 8, "year": 2014, "course_id": 1, "hole_3": 5, "hole_2": 4, "hole_5": 5, "hole_4": 4, "golfer_id": 14, "hole_6": 4}}, {"pk": 105, "model": "golf.round", "fields": {"hole_7": 5, "hole_8": 4, "mod_date": "2014-06-18", "hole_1": 6, "hole_9": 3, "date": "2014-06-16", "cur_handicap": 10, "week_num": 8, "year": 2014, "course_id": 1, "hole_3": 3, "hole_2": 5, "hole_5": 4, "hole_4": 4, "golfer_id": 3, "hole_6": 5}}, {"pk": 106, "model": "golf.round", "fields": {"hole_7": 6, "hole_8": 5, "mod_date": "2014-06-18", "hole_1": 8, "hole_9": 5, "date": "2014-06-16", "cur_handicap": 14, "week_num": 8, "year": 2014, "course_id": 1, "hole_3": 4, "hole_2": 5, "hole_5": 5, "hole_4": 4, "golfer_id": 6, "hole_6": 5}}, {"pk": 107, "model": "golf.round", "fields": {"hole_7": 5, "hole_8": 4, "mod_date": "2014-06-18", "hole_1": 8, "hole_9": 4, "date": "2014-06-16", "cur_handicap": 14, "week_num": 8, "year": 2014, "course_id": 1, "hole_3": 5, "hole_2": 5, "hole_5": 7, "hole_4": 4, "golfer_id": 17, "hole_6": 3}}, {"pk": 108, "model": "golf.round", "fields": {"hole_7": 6, "hole_8": 3, "mod_date": "2014-06-18", "hole_1": 6, "hole_9": 5, "date": "2014-06-16", "cur_handicap": 5, "week_num": 8, "year": 2014, "course_id": 1, "hole_3": 3, "hole_2": 5, "hole_5": 7, "hole_4": 5, "golfer_id": 1, "hole_6": 5}}, {"pk": 109, "model": "golf.round", "fields": {"hole_7": 9, "hole_8": 4, "mod_date": "2014-06-18", "hole_1": 9, "hole_9": 6, "date": "2014-06-16", "cur_handicap": 22, "week_num": 8, "year": 2014, "course_id": 1, "hole_3": 7, "hole_2": 7, "hole_5": 6, "hole_4": 4, "golfer_id": 16, "hole_6": 6}}, {"pk": 110, "model": "golf.round", "fields": {"hole_7": 7, "hole_8": 5, "mod_date": "2014-06-18", "hole_1": 8, "hole_9": 7, "date": "2014-06-16", "cur_handicap": 22, "week_num": 8, "year": 2014, "course_id": 1, "hole_3": 5, "hole_2": 6, "hole_5": 8, "hole_4": 5, "golfer_id": 9, "hole_6": 6}}, {"pk": 111, "model": "golf.round", "fields": {"hole_7": 9, "hole_8": 3, "mod_date": "2014-06-18", "hole_1": 7, "hole_9": 4, "date": "2014-06-16", "cur_handicap": 15, "week_num": 8, "year": 2014, "course_id": 1, "hole_3": 7, "hole_2": 6, "hole_5": 5, "hole_4": 7, "golfer_id": 8, "hole_6": 9}}, {"pk": 112, "model": "golf.round", "fields": {"hole_7": 5, "hole_8": 5, "mod_date": "2014-06-18", "hole_1": 5, "hole_9": 4, "date": "2014-06-16", "cur_handicap": 6, "week_num": 8, "year": 2014, "course_id": 1, "hole_3": 5, "hole_2": 5, "hole_5": 4, "hole_4": 3, "golfer_id": 13, "hole_6": 4}}, {"pk": 113, "model": "golf.round", "fields": {"hole_7": 4, "hole_8": 3, "mod_date": "2014-06-25", "hole_1": 6, "hole_9": 7, "date": "2014-06-23", "cur_handicap": 7, "week_num": 9, "year": 2014, "course_id": 2, "hole_3": 5, "hole_2": 5, "hole_5": 6, "hole_4": 5, "golfer_id": 5, "hole_6": 3}}, {"pk": 114, "model": "golf.round", "fields": {"hole_7": 4, "hole_8": 5, "mod_date": "2014-06-25", "hole_1": 5, "hole_9": 6, "date": "2014-06-23", "cur_handicap": 9, "week_num": 9, "year": 2014, "course_id": 2, "hole_3": 6, "hole_2": 5, "hole_5": 6, "hole_4": 6, "golfer_id": 12, "hole_6": 4}}, {"pk": 115, "model": "golf.round", "fields": {"hole_7": 5, "hole_8": 3, "mod_date": "2014-06-25", "hole_1": 5, "hole_9": 7, "date": "2014-06-23", "cur_handicap": 6, "week_num": 9, "year": 2014, "course_id": 2, "hole_3": 6, "hole_2": 7, "hole_5": 6, "hole_4": 5, "golfer_id": 1, "hole_6": 3}}, {"pk": 116, "model": "golf.round", "fields": {"hole_7": 6, "hole_8": 4, "mod_date": "2014-06-25", "hole_1": 9, "hole_9": 9, "date": "2014-06-23", "cur_handicap": 20, "week_num": 9, "year": 2014, "course_id": 2, "hole_3": 5, "hole_2": 8, "hole_5": 8, "hole_4": 6, "golfer_id": 11, "hole_6": 6}}, {"pk": 117, "model": "golf.round", "fields": {"hole_7": 5, "hole_8": 3, "mod_date": "2014-06-25", "hole_1": 9, "hole_9": 7, "date": "2014-06-23", "cur_handicap": 22, "week_num": 9, "year": 2014, "course_id": 2, "hole_3": 6, "hole_2": 8, "hole_5": 7, "hole_4": 7, "golfer_id": 9, "hole_6": 5}}, {"pk": 118, "model": "golf.round", "fields": {"hole_7": 6, "hole_8": 3, "mod_date": "2014-06-25", "hole_1": 5, "hole_9": 6, "date": "2014-06-23", "cur_handicap": 8, "week_num": 9, "year": 2014, "course_id": 2, "hole_3": 5, "hole_2": 6, "hole_5": 6, "hole_4": 4, "golfer_id": 4, "hole_6": 4}}, {"pk": 119, "model": "golf.round", "fields": {"hole_7": 6, "hole_8": 2, "mod_date": "2014-06-25", "hole_1": 6, "hole_9": 5, "date": "2014-06-23", "cur_handicap": 16, "week_num": 9, "year": 2014, "course_id": 2, "hole_3": 7, "hole_2": 8, "hole_5": 7, "hole_4": 6, "golfer_id": 8, "hole_6": 5}}, {"pk": 120, "model": "golf.round", "fields": {"hole_7": 8, "hole_8": 4, "mod_date": "2014-06-25", "hole_1": 6, "hole_9": 8, "date": "2014-06-23", "cur_handicap": 19, "week_num": 9, "year": 2014, "course_id": 2, "hole_3": 5, "hole_2": 9, "hole_5": 7, "hole_4": 8, "golfer_id": 10, "hole_6": 4}}, {"pk": 121, "model": "golf.round", "fields": {"hole_7": 4, "hole_8": 4, "mod_date": "2014-06-25", "hole_1": 6, "hole_9": 3, "date": "2014-06-23", "cur_handicap": 15, "week_num": 9, "year": 2014, "course_id": 2, "hole_3": 4, "hole_2": 6, "hole_5": 7, "hole_4": 7, "golfer_id": 15, "hole_6": 4}}, {"pk": 122, "model": "golf.round", "fields": {"hole_7": 5, "hole_8": 4, "mod_date": "2014-06-25", "hole_1": 6, "hole_9": 5, "date": "2014-06-23", "cur_handicap": 8, "week_num": 9, "year": 2014, "course_id": 2, "hole_3": 6, "hole_2": 4, "hole_5": 7, "hole_4": 5, "golfer_id": 14, "hole_6": 4}}, {"pk": 123, "model": "golf.round", "fields": {"hole_7": 5, "hole_8": 3, "mod_date": "2014-06-25", "hole_1": 6, "hole_9": 7, "date": "2014-06-23", "cur_handicap": 12, "week_num": 9, "year": 2014, "course_id": 2, "hole_3": 4, "hole_2": 6, "hole_5": 7, "hole_4": 6, "golfer_id": 7, "hole_6": 4}}, {"pk": 124, "model": "golf.round", "fields": {"hole_7": 5, "hole_8": 5, "mod_date": "2014-06-25", "hole_1": 7, "hole_9": 5, "date": "2014-06-23", "cur_handicap": 8, "week_num": 9, "year": 2014, "course_id": 2, "hole_3": 5, "hole_2": 6, "hole_5": 6, "hole_4": 5, "golfer_id": 3, "hole_6": 2}}, {"pk": 125, "model": "golf.round", "fields": {"hole_7": 4, "hole_8": 4, "mod_date": "2014-06-25", "hole_1": 5, "hole_9": 8, "date": "2014-06-23", "cur_handicap": 12, "week_num": 9, "year": 2014, "course_id": 2, "hole_3": 5, "hole_2": 6, "hole_5": 8, "hole_4": 8, "golfer_id": 17, "hole_6": 4}}, {"pk": 126, "model": "golf.round", "fields": {"hole_7": 4, "hole_8": 4, "mod_date": "2014-06-25", "hole_1": 5, "hole_9": 6, "date": "2014-06-23", "cur_handicap": 6, "week_num": 9, "year": 2014, "course_id": 2, "hole_3": 5, "hole_2": 6, "hole_5": 6, "hole_4": 5, "golfer_id": 13, "hole_6": 3}}, {"pk": 127, "model": "golf.round", "fields": {"hole_7": 4, "hole_8": 5, "mod_date": "2014-06-25", "hole_1": 6, "hole_9": 4, "date": "2014-06-23", "cur_handicap": 7, "week_num": 9, "year": 2014, "course_id": 2, "hole_3": 5, "hole_2": 5, "hole_5": 6, "hole_4": 5, "golfer_id": 2, "hole_6": 4}}, {"pk": 128, "model": "golf.round", "fields": {"hole_7": 5, "hole_8": 3, "mod_date": "2014-07-03", "hole_1": 5, "hole_9": 5, "date": "2014-06-30", "cur_handicap": 7, "week_num": 10, "year": 2014, "course_id": 1, "hole_3": 4, "hole_2": 5, "hole_5": 4, "hole_4": 3, "golfer_id": 2, "hole_6": 4}}, {"pk": 129, "model": "golf.round", "fields": {"hole_7": 8, "hole_8": 4, "mod_date": "2014-07-07", "hole_1": 8, "hole_9": 6, "date": "2014-06-30", "cur_handicap": 20, "week_num": 10, "year": 2014, "course_id": 1, "hole_3": 8, "hole_2": 7, "hole_5": 6, "hole_4": 3, "golfer_id": 11, "hole_6": 5}}, {"pk": 130, "model": "golf.round", "fields": {"hole_7": 7, "hole_8": 5, "mod_date": "2014-07-07", "hole_1": 10, "hole_9": 3, "date": "2014-06-30", "cur_handicap": 18, "week_num": 10, "year": 2014, "course_id": 1, "hole_3": 6, "hole_2": 7, "hole_5": 7, "hole_4": 4, "golfer_id": 10, "hole_6": 5}}, {"pk": 131, "model": "golf.round", "fields": {"hole_7": 7, "hole_8": 5, "mod_date": "2014-07-07", "hole_1": 8, "hole_9": 5, "date": "2014-06-30", "cur_handicap": 21, "week_num": 10, "year": 2014, "course_id": 1, "hole_3": 6, "hole_2": 6, "hole_5": 7, "hole_4": 4, "golfer_id": 16, "hole_6": 6}}, {"pk": 132, "model": "golf.round", "fields": {"hole_7": 7, "hole_8": 4, "mod_date": "2014-07-07", "hole_1": 7, "hole_9": 4, "date": "2014-06-30", "cur_handicap": 7, "week_num": 10, "year": 2014, "course_id": 1, "hole_3": 6, "hole_2": 5, "hole_5": 6, "hole_4": 4, "golfer_id": 5, "hole_6": 5}}, {"pk": 133, "model": "golf.round", "fields": {"hole_7": 5, "hole_8": 3, "mod_date": "2014-07-07", "hole_1": 7, "hole_9": 6, "date": "2014-06-30", "cur_handicap": 7, "week_num": 10, "year": 2014, "course_id": 1, "hole_3": 6, "hole_2": 5, "hole_5": 3, "hole_4": 3, "golfer_id": 13, "hole_6": 4}}, {"pk": 134, "model": "golf.round", "fields": {"hole_7": 5, "hole_8": 3, "mod_date": "2014-07-07", "hole_1": 7, "hole_9": 4, "date": "2014-06-30", "cur_handicap": 8, "week_num": 10, "year": 2014, "course_id": 1, "hole_3": 5, "hole_2": 4, "hole_5": 4, "hole_4": 4, "golfer_id": 3, "hole_6": 3}}, {"pk": 135, "model": "golf.round", "fields": {"hole_7": 6, "hole_8": 4, "mod_date": "2014-07-07", "hole_1": 7, "hole_9": 4, "date": "2014-06-30", "cur_handicap": 8, "week_num": 10, "year": 2014, "course_id": 1, "hole_3": 4, "hole_2": 5, "hole_5": 4, "hole_4": 3, "golfer_id": 4, "hole_6": 4}}, {"pk": 136, "model": "golf.round", "fields": {"hole_7": 6, "hole_8": 4, "mod_date": "2014-07-07", "hole_1": 8, "hole_9": 5, "date": "2014-06-30", "cur_handicap": 13, "week_num": 10, "year": 2014, "course_id": 1, "hole_3": 4, "hole_2": 6, "hole_5": 7, "hole_4": 3, "golfer_id": 15, "hole_6": 5}}, {"pk": 137, "model": "golf.round", "fields": {"hole_7": 7, "hole_8": 5, "mod_date": "2014-07-07", "hole_1": 8, "hole_9": 6, "date": "2014-06-30", "cur_handicap": 21, "week_num": 10, "year": 2014, "course_id": 1, "hole_3": 7, "hole_2": 6, "hole_5": 6, "hole_4": 4, "golfer_id": 9, "hole_6": 6}}, {"pk": 138, "model": "golf.round", "fields": {"hole_7": 6, "hole_8": 4, "mod_date": "2014-07-07", "hole_1": 6, "hole_9": 5, "date": "2014-06-30", "cur_handicap": 9, "week_num": 10, "year": 2014, "course_id": 1, "hole_3": 5, "hole_2": 6, "hole_5": 4, "hole_4": 3, "golfer_id": 12, "hole_6": 4}}, {"pk": 139, "model": "golf.round", "fields": {"hole_7": 8, "hole_8": 3, "mod_date": "2014-07-07", "hole_1": 8, "hole_9": 5, "date": "2014-06-30", "cur_handicap": 12, "week_num": 10, "year": 2014, "course_id": 1, "hole_3": 6, "hole_2": 5, "hole_5": 5, "hole_4": 3, "golfer_id": 17, "hole_6": 5}}, {"pk": 140, "model": "golf.round", "fields": {"hole_7": 7, "hole_8": 4, "mod_date": "2014-07-07", "hole_1": 7, "hole_9": 4, "date": "2014-06-30", "cur_handicap": 16, "week_num": 10, "year": 2014, "course_id": 1, "hole_3": 7, "hole_2": 8, "hole_5": 8, "hole_4": 4, "golfer_id": 8, "hole_6": 8}}, {"pk": 141, "model": "golf.round", "fields": {"hole_7": 6, "hole_8": 3, "mod_date": "2014-07-07", "hole_1": 7, "hole_9": 4, "date": "2014-06-30", "cur_handicap": 8, "week_num": 10, "year": 2014, "course_id": 1, "hole_3": 5, "hole_2": 4, "hole_5": 6, "hole_4": 5, "golfer_id": 14, "hole_6": 4}}, {"pk": 142, "model": "golf.round", "fields": {"hole_7": 7, "hole_8": 4, "mod_date": "2014-07-07", "hole_1": 6, "hole_9": 5, "date": "2014-06-30", "cur_handicap": 7, "week_num": 10, "year": 2014, "course_id": 1, "hole_3": 5, "hole_2": 6, "hole_5": 5, "hole_4": 3, "golfer_id": 1, "hole_6": 4}}, {"pk": 143, "model": "golf.round", "fields": {"hole_7": 5, "hole_8": 3, "mod_date": "2014-07-10", "hole_1": 7, "hole_9": 5, "date": "2014-07-07", "cur_handicap": 7, "week_num": 11, "year": 2014, "course_id": 2, "hole_3": 4, "hole_2": 5, "hole_5": 6, "hole_4": 5, "golfer_id": 1, "hole_6": 3}}, {"pk": 144, "model": "golf.round", "fields": {"hole_7": 4, "hole_8": 3, "mod_date": "2014-07-10", "hole_1": 5, "hole_9": 7, "date": "2014-07-07", "cur_handicap": 9, "week_num": 11, "year": 2014, "course_id": 2, "hole_3": 5, "hole_2": 7, "hole_5": 7, "hole_4": 5, "golfer_id": 12, "hole_6": 4}}, {"pk": 145, "model": "golf.round", "fields": {"hole_7": 6, "hole_8": 4, "mod_date": "2014-07-10", "hole_1": 8, "hole_9": 5, "date": "2014-07-07", "cur_handicap": 13, "week_num": 11, "year": 2014, "course_id": 2, "hole_3": 7, "hole_2": 6, "hole_5": 8, "hole_4": 7, "golfer_id": 15, "hole_6": 4}}, {"pk": 146, "model": "golf.round", "fields": {"hole_7": 5, "hole_8": 5, "mod_date": "2014-07-10", "hole_1": 9, "hole_9": 7, "date": "2014-07-07", "cur_handicap": 20, "week_num": 11, "year": 2014, "course_id": 2, "hole_3": 5, "hole_2": 10, "hole_5": 9, "hole_4": 5, "golfer_id": 11, "hole_6": 5}}, {"pk": 147, "model": "golf.round", "fields": {"hole_7": 4, "hole_8": 4, "mod_date": "2014-07-10", "hole_1": 4, "hole_9": 6, "date": "2014-07-07", "cur_handicap": 7, "week_num": 11, "year": 2014, "course_id": 2, "hole_3": 5, "hole_2": 6, "hole_5": 7, "hole_4": 6, "golfer_id": 13, "hole_6": 3}}, {"pk": 148, "model": "golf.round", "fields": {"hole_7": 4, "hole_8": 3, "mod_date": "2014-07-10", "hole_1": 7, "hole_9": 5, "date": "2014-07-07", "cur_handicap": 7, "week_num": 11, "year": 2014, "course_id": 2, "hole_3": 4, "hole_2": 7, "hole_5": 6, "hole_4": 5, "golfer_id": 5, "hole_6": 5}}, {"pk": 149, "model": "golf.round", "fields": {"hole_7": 4, "hole_8": 4, "mod_date": "2014-07-10", "hole_1": 4, "hole_9": 4, "date": "2014-07-07", "cur_handicap": 8, "week_num": 11, "year": 2014, "course_id": 2, "hole_3": 4, "hole_2": 5, "hole_5": 5, "hole_4": 6, "golfer_id": 3, "hole_6": 4}}, {"pk": 150, "model": "golf.round", "fields": {"hole_7": 5, "hole_8": 5, "mod_date": "2014-07-10", "hole_1": 5, "hole_9": 7, "date": "2014-07-07", "cur_handicap": 16, "week_num": 11, "year": 2014, "course_id": 2, "hole_3": 4, "hole_2": 8, "hole_5": 6, "hole_4": 5, "golfer_id": 8, "hole_6": 5}}, {"pk": 151, "model": "golf.round", "fields": {"hole_7": 6, "hole_8": 4, "mod_date": "2014-07-10", "hole_1": 6, "hole_9": 9, "date": "2014-07-07", "cur_handicap": 21, "week_num": 11, "year": 2014, "course_id": 2, "hole_3": 8, "hole_2": 10, "hole_5": 8, "hole_4": 7, "golfer_id": 16, "hole_6": 4}}, {"pk": 152, "model": "golf.round", "fields": {"hole_7": 8, "hole_8": 3, "mod_date": "2014-07-10", "hole_1": 5, "hole_9": 6, "date": "2014-07-07", "cur_handicap": 12, "week_num": 11, "year": 2014, "course_id": 2, "hole_3": 7, "hole_2": 7, "hole_5": 7, "hole_4": 7, "golfer_id": 17, "hole_6": 3}}, {"pk": 153, "model": "golf.round", "fields": {"hole_7": 5, "hole_8": 3, "mod_date": "2014-07-10", "hole_1": 10, "hole_9": 7, "date": "2014-07-07", "cur_handicap": 21, "week_num": 11, "year": 2014, "course_id": 2, "hole_3": 6, "hole_2": 6, "hole_5": 10, "hole_4": 7, "golfer_id": 9, "hole_6": 4}}, {"pk": 154, "model": "golf.round", "fields": {"hole_7": 5, "hole_8": 5, "mod_date": "2014-07-10", "hole_1": 6, "hole_9": 5, "date": "2014-07-07", "cur_handicap": 8, "week_num": 11, "year": 2014, "course_id": 2, "hole_3": 4, "hole_2": 4, "hole_5": 5, "hole_4": 5, "golfer_id": 14, "hole_6": 4}}, {"pk": 155, "model": "golf.round", "fields": {"hole_7": 4, "hole_8": 3, "mod_date": "2014-07-10", "hole_1": 6, "hole_9": 4, "date": "2014-07-07", "cur_handicap": 6, "week_num": 11, "year": 2014, "course_id": 2, "hole_3": 5, "hole_2": 5, "hole_5": 7, "hole_4": 5, "golfer_id": 2, "hole_6": 3}}, {"pk": 156, "model": "golf.round", "fields": {"hole_7": 5, "hole_8": 3, "mod_date": "2014-07-10", "hole_1": 4, "hole_9": 4, "date": "2014-07-07", "cur_handicap": 12, "week_num": 11, "year": 2014, "course_id": 2, "hole_3": 5, "hole_2": 5, "hole_5": 7, "hole_4": 6, "golfer_id": 7, "hole_6": 4}}, {"pk": 157, "model": "golf.round", "fields": {"hole_7": 7, "hole_8": 3, "mod_date": "2014-07-10", "hole_1": 9, "hole_9": 8, "date": "2014-07-07", "cur_handicap": 18, "week_num": 11, "year": 2014, "course_id": 2, "hole_3": 7, "hole_2": 7, "hole_5": 7, "hole_4": 7, "golfer_id": 10, "hole_6": 4}}, {"pk": 158, "model": "golf.round", "fields": {"hole_7": 6, "hole_8": 4, "mod_date": "2014-07-10", "hole_1": 7, "hole_9": 5, "date": "2014-07-07", "cur_handicap": 8, "week_num": 11, "year": 2014, "course_id": 2, "hole_3": 5, "hole_2": 5, "hole_5": 6, "hole_4": 7, "golfer_id": 4, "hole_6": 3}}, {"pk": 159, "model": "golf.round", "fields": {"hole_7": 6, "hole_8": 3, "mod_date": "2014-07-16", "hole_1": 6, "hole_9": 6, "date": "2014-07-14", "cur_handicap": 7, "week_num": 12, "year": 2014, "course_id": 1, "hole_3": 5, "hole_2": 4, "hole_5": 4, "hole_4": 3, "golfer_id": 5, "hole_6": 6}}, {"pk": 160, "model": "golf.round", "fields": {"hole_7": 6, "hole_8": 3, "mod_date": "2014-07-16", "hole_1": 6, "hole_9": 4, "date": "2014-07-14", "cur_handicap": 13, "week_num": 12, "year": 2014, "course_id": 1, "hole_3": 3, "hole_2": 5, "hole_5": 7, "hole_4": 4, "golfer_id": 15, "hole_6": 5}}, {"pk": 161, "model": "golf.round", "fields": {"hole_7": 8, "hole_8": 4, "mod_date": "2014-07-16", "hole_1": 6, "hole_9": 6, "date": "2014-07-14", "cur_handicap": 11, "week_num": 12, "year": 2014, "course_id": 1, "hole_3": 5, "hole_2": 5, "hole_5": 5, "hole_4": 3, "golfer_id": 7, "hole_6": 5}}, {"pk": 162, "model": "golf.round", "fields": {"hole_7": 8, "hole_8": 4, "mod_date": "2014-07-16", "hole_1": 9, "hole_9": 4, "date": "2014-07-14", "cur_handicap": 19, "week_num": 12, "year": 2014, "course_id": 1, "hole_3": 5, "hole_2": 6, "hole_5": 6, "hole_4": 6, "golfer_id": 10, "hole_6": 7}}, {"pk": 163, "model": "golf.round", "fields": {"hole_7": 7, "hole_8": 4, "mod_date": "2014-07-16", "hole_1": 5, "hole_9": 4, "date": "2014-07-14", "cur_handicap": 8, "week_num": 12, "year": 2014, "course_id": 1, "hole_3": 6, "hole_2": 4, "hole_5": 4, "hole_4": 2, "golfer_id": 14, "hole_6": 5}}, {"pk": 164, "model": "golf.round", "fields": {"hole_7": 5, "hole_8": 3, "mod_date": "2014-07-16", "hole_1": 5, "hole_9": 4, "date": "2014-07-14", "cur_handicap": 7, "week_num": 12, "year": 2014, "course_id": 1, "hole_3": 5, "hole_2": 5, "hole_5": 5, "hole_4": 3, "golfer_id": 13, "hole_6": 4}}, {"pk": 165, "model": "golf.round", "fields": {"hole_7": 9, "hole_8": 3, "mod_date": "2014-07-16", "hole_1": 10, "hole_9": 6, "date": "2014-07-14", "cur_handicap": 22, "week_num": 12, "year": 2014, "course_id": 1, "hole_3": 6, "hole_2": 8, "hole_5": 7, "hole_4": 5, "golfer_id": 16, "hole_6": 7}}, {"pk": 166, "model": "golf.round", "fields": {"hole_7": 6, "hole_8": 4, "mod_date": "2014-07-16", "hole_1": 6, "hole_9": 6, "date": "2014-07-14", "cur_handicap": 9, "week_num": 12, "year": 2014, "course_id": 1, "hole_3": 5, "hole_2": 5, "hole_5": 6, "hole_4": 3, "golfer_id": 12, "hole_6": 4}}, {"pk": 167, "model": "golf.round", "fields": {"hole_7": 6, "hole_8": 5, "mod_date": "2014-07-16", "hole_1": 6, "hole_9": 6, "date": "2014-07-14", "cur_handicap": 7, "week_num": 12, "year": 2014, "course_id": 1, "hole_3": 5, "hole_2": 4, "hole_5": 5, "hole_4": 3, "golfer_id": 1, "hole_6": 4}}, {"pk": 168, "model": "golf.round", "fields": {"hole_7": 6, "hole_8": 4, "mod_date": "2014-07-16", "hole_1": 8, "hole_9": 5, "date": "2014-07-14", "cur_handicap": 13, "week_num": 12, "year": 2014, "course_id": 1, "hole_3": 5, "hole_2": 6, "hole_5": 5, "hole_4": 4, "golfer_id": 17, "hole_6": 5}}, {"pk": 169, "model": "golf.round", "fields": {"hole_7": 6, "hole_8": 3, "mod_date": "2014-07-16", "hole_1": 5, "hole_9": 5, "date": "2014-07-14", "cur_handicap": 8, "week_num": 12, "year": 2014, "course_id": 1, "hole_3": 4, "hole_2": 5, "hole_5": 6, "hole_4": 3, "golfer_id": 4, "hole_6": 4}}, {"pk": 170, "model": "golf.round", "fields": {"hole_7": 8, "hole_8": 4, "mod_date": "2014-07-16", "hole_1": 7, "hole_9": 4, "date": "2014-07-14", "cur_handicap": 21, "week_num": 12, "year": 2014, "course_id": 1, "hole_3": 7, "hole_2": 6, "hole_5": 6, "hole_4": 4, "golfer_id": 9, "hole_6": 5}}, {"pk": 171, "model": "golf.round", "fields": {"hole_7": 5, "hole_8": 2, "mod_date": "2014-07-16", "hole_1": 7, "hole_9": 5, "date": "2014-07-12", "cur_handicap": 6, "week_num": 12, "year": 2014, "course_id": 1, "hole_3": 4, "hole_2": 5, "hole_5": 4, "hole_4": 4, "golfer_id": 2, "hole_6": 4}}, {"pk": 172, "model": "golf.round", "fields": {"hole_7": 5, "hole_8": 3, "mod_date": "2014-07-19", "hole_1": 6, "hole_9": 5, "date": "2014-07-19", "cur_handicap": 6, "week_num": 3, "year": 2014, "course_id": 2, "hole_3": 4, "hole_2": 6, "hole_5": 6, "hole_4": 5, "golfer_id": 2, "hole_6": 3}}, {"pk": 173, "model": "golf.round", "fields": {"hole_7": 4, "hole_8": 5, "mod_date": "2014-07-23", "hole_1": 5, "hole_9": 5, "date": "2014-07-21", "cur_handicap": 7, "week_num": 13, "year": 2014, "course_id": 2, "hole_3": 4, "hole_2": 5, "hole_5": 7, "hole_4": 6, "golfer_id": 1, "hole_6": 3}}, {"pk": 174, "model": "golf.round", "fields": {"hole_7": 5, "hole_8": 2, "mod_date": "2014-07-23", "hole_1": 6, "hole_9": 5, "date": "2014-07-21", "cur_handicap": 6, "week_num": 13, "year": 2014, "course_id": 2, "hole_3": 5, "hole_2": 6, "hole_5": 6, "hole_4": 5, "golfer_id": 13, "hole_6": 3}}, {"pk": 175, "model": "golf.round", "fields": {"hole_7": 6, "hole_8": 4, "mod_date": "2014-07-23", "hole_1": 5, "hole_9": 5, "date": "2014-07-21", "cur_handicap": 10, "week_num": 13, "year": 2014, "course_id": 2, "hole_3": 4, "hole_2": 6, "hole_5": 6, "hole_4": 6, "golfer_id": 7, "hole_6": 4}}, {"pk": 176, "model": "golf.round", "fields": {"hole_7": 6, "hole_8": 5, "mod_date": "2014-07-23", "hole_1": 6, "hole_9": 8, "date": "2014-07-21", "cur_handicap": 22, "week_num": 13, "year": 2014, "course_id": 2, "hole_3": 6, "hole_2": 7, "hole_5": 8, "hole_4": 7, "golfer_id": 16, "hole_6": 4}}, {"pk": 177, "model": "golf.round", "fields": {"hole_7": 4, "hole_8": 4, "mod_date": "2014-07-23", "hole_1": 5, "hole_9": 5, "date": "2014-07-21", "cur_handicap": 7, "week_num": 13, "year": 2014, "course_id": 2, "hole_3": 4, "hole_2": 5, "hole_5": 6, "hole_4": 5, "golfer_id": 14, "hole_6": 5}}, {"pk": 178, "model": "golf.round", "fields": {"hole_7": 7, "hole_8": 5, "mod_date": "2014-07-23", "hole_1": 8, "hole_9": 7, "date": "2014-07-21", "cur_handicap": 13, "week_num": 13, "year": 2014, "course_id": 2, "hole_3": 5, "hole_2": 7, "hole_5": 6, "hole_4": 6, "golfer_id": 6, "hole_6": 4}}, {"pk": 179, "model": "golf.round", "fields": {"hole_7": 5, "hole_8": 2, "mod_date": "2014-07-23", "hole_1": 6, "hole_9": 6, "date": "2014-07-21", "cur_handicap": 12, "week_num": 13, "year": 2014, "course_id": 2, "hole_3": 5, "hole_2": 8, "hole_5": 8, "hole_4": 6, "golfer_id": 17, "hole_6": 3}}, {"pk": 180, "model": "golf.round", "fields": {"hole_7": 5, "hole_8": 3, "mod_date": "2014-07-23", "hole_1": 7, "hole_9": 8, "date": "2014-07-21", "cur_handicap": 20, "week_num": 13, "year": 2014, "course_id": 2, "hole_3": 6, "hole_2": 7, "hole_5": 9, "hole_4": 5, "golfer_id": 9, "hole_6": 4}}, {"pk": 181, "model": "golf.round", "fields": {"hole_7": 4, "hole_8": 4, "mod_date": "2014-07-23", "hole_1": 4, "hole_9": 4, "date": "2014-07-21", "cur_handicap": 8, "week_num": 13, "year": 2014, "course_id": 2, "hole_3": 6, "hole_2": 6, "hole_5": 6, "hole_4": 4, "golfer_id": 4, "hole_6": 3}}, {"pk": 182, "model": "golf.round", "fields": {"hole_7": 5, "hole_8": 3, "mod_date": "2014-07-23", "hole_1": 7, "hole_9": 7, "date": "2014-07-21", "cur_handicap": 15, "week_num": 13, "year": 2014, "course_id": 2, "hole_3": 7, "hole_2": 8, "hole_5": 7, "hole_4": 7, "golfer_id": 8, "hole_6": 6}}, {"pk": 183, "model": "golf.round", "fields": {"hole_7": 5, "hole_8": 3, "mod_date": "2014-07-23", "hole_1": 7, "hole_9": 5, "date": "2014-07-21", "cur_handicap": 8, "week_num": 13, "year": 2014, "course_id": 2, "hole_3": 4, "hole_2": 6, "hole_5": 5, "hole_4": 6, "golfer_id": 5, "hole_6": 4}}, {"pk": 184, "model": "golf.round", "fields": {"hole_7": 5, "hole_8": 4, "mod_date": "2014-07-23", "hole_1": 5, "hole_9": 8, "date": "2014-07-21", "cur_handicap": 20, "week_num": 13, "year": 2014, "course_id": 2, "hole_3": 9, "hole_2": 8, "hole_5": 10, "hole_4": 8, "golfer_id": 11, "hole_6": 5}}, {"pk": 185, "model": "golf.round", "fields": {"hole_7": 4, "hole_8": 3, "mod_date": "2014-07-23", "hole_1": 5, "hole_9": 5, "date": "2014-07-21", "cur_handicap": 6, "week_num": 13, "year": 2014, "course_id": 2, "hole_3": 5, "hole_2": 5, "hole_5": 8, "hole_4": 4, "golfer_id": 2, "hole_6": 4}}, {"pk": 186, "model": "golf.round", "fields": {"hole_7": 4, "hole_8": 5, "mod_date": "2014-07-23", "hole_1": 5, "hole_9": 6, "date": "2014-07-21", "cur_handicap": 9, "week_num": 13, "year": 2014, "course_id": 2, "hole_3": 5, "hole_2": 6, "hole_5": 5, "hole_4": 6, "golfer_id": 12, "hole_6": 2}}, {"pk": 187, "model": "golf.round", "fields": {"hole_7": 6, "hole_8": 4, "mod_date": "2014-07-23", "hole_1": 5, "hole_9": 7, "date": "2014-07-21", "cur_handicap": 13, "week_num": 13, "year": 2014, "course_id": 2, "hole_3": 7, "hole_2": 7, "hole_5": 6, "hole_4": 5, "golfer_id": 15, "hole_6": 4}}, {"pk": 1, "model": "auth.permission", "fields": {"codename": "add_permission", "name": "Can add permission", "content_type": 1}}, {"pk": 2, "model": "auth.permission", "fields": {"codename": "change_permission", "name": "Can change permission", "content_type": 1}}, {"pk": 3, "model": "auth.permission", "fields": {"codename": "delete_permission", "name": "Can delete permission", "content_type": 1}}, {"pk": 4, "model": "auth.permission", "fields": {"codename": "add_group", "name": "Can add group", "content_type": 2}}, {"pk": 5, "model": "auth.permission", "fields": {"codename": "change_group", "name": "Can change group", "content_type": 2}}, {"pk": 6, "model": "auth.permission", "fields": {"codename": "delete_group", "name": "Can delete group", "content_type": 2}}, {"pk": 7, "model": "auth.permission", "fields": {"codename": "add_user", "name": "Can add user", "content_type": 3}}, {"pk": 8, "model": "auth.permission", "fields": {"codename": "change_user", "name": "Can change user", "content_type": 3}}, {"pk": 9, "model": "auth.permission", "fields": {"codename": "delete_user", "name": "Can delete user", "content_type": 3}}, {"pk": 10, "model": "auth.permission", "fields": {"codename": "add_contenttype", "name": "Can add content type", "content_type": 4}}, {"pk": 11, "model": "auth.permission", "fields": {"codename": "change_contenttype", "name": "Can change content type", "content_type": 4}}, {"pk": 12, "model": "auth.permission", "fields": {"codename": "delete_contenttype", "name": "Can delete content type", "content_type": 4}}, {"pk": 13, "model": "auth.permission", "fields": {"codename": "add_session", "name": "Can add session", "content_type": 5}}, {"pk": 14, "model": "auth.permission", "fields": {"codename": "change_session", "name": "Can change session", "content_type": 5}}, {"pk": 15, "model": "auth.permission", "fields": {"codename": "delete_session", "name": "Can delete session", "content_type": 5}}, {"pk": 16, "model": "auth.permission", "fields": {"codename": "add_site", "name": "Can add site", "content_type": 6}}, {"pk": 17, "model": "auth.permission", "fields": {"codename": "change_site", "name": "Can change site", "content_type": 6}}, {"pk": 18, "model": "auth.permission", "fields": {"codename": "delete_site", "name": "Can delete site", "content_type": 6}}, {"pk": 19, "model": "auth.permission", "fields": {"codename": "add_logentry", "name": "Can add log entry", "content_type": 7}}, {"pk": 20, "model": "auth.permission", "fields": {"codename": "change_logentry", "name": "Can change log entry", "content_type": 7}}, {"pk": 21, "model": "auth.permission", "fields": {"codename": "delete_logentry", "name": "Can delete log entry", "content_type": 7}}, {"pk": 22, "model": "auth.permission", "fields": {"codename": "add_golfer", "name": "Can add golfer", "content_type": 8}}, {"pk": 23, "model": "auth.permission", "fields": {"codename": "change_golfer", "name": "Can change golfer", "content_type": 8}}, {"pk": 24, "model": "auth.permission", "fields": {"codename": "delete_golfer", "name": "Can delete golfer", "content_type": 8}}, {"pk": 25, "model": "auth.permission", "fields": {"codename": "add_course", "name": "Can add course", "content_type": 9}}, {"pk": 26, "model": "auth.permission", "fields": {"codename": "change_course", "name": "Can change course", "content_type": 9}}, {"pk": 27, "model": "auth.permission", "fields": {"codename": "delete_course", "name": "Can delete course", "content_type": 9}}, {"pk": 28, "model": "auth.permission", "fields": {"codename": "add_round", "name": "Can add round", "content_type": 10}}, {"pk": 29, "model": "auth.permission", "fields": {"codename": "change_round", "name": "Can change round", "content_type": 10}}, {"pk": 30, "model": "auth.permission", "fields": {"codename": "delete_round", "name": "Can delete round", "content_type": 10}}, {"pk": 31, "model": "auth.permission", "fields": {"codename": "add_migrationhistory", "name": "Can add migration history", "content_type": 11}}, {"pk": 32, "model": "auth.permission", "fields": {"codename": "change_migrationhistory", "name": "Can change migration history", "content_type": 11}}, {"pk": 33, "model": "auth.permission", "fields": {"codename": "delete_migrationhistory", "name": "Can delete migration history", "content_type": 11}}, {"pk": 1, "model": "auth.user", "fields": {"username": "root", "first_name": "", "last_name": "", "is_active": true, "is_superuser": true, "is_staff": true, "last_login": "2014-07-07T16:33:25.266Z", "groups": [], "user_permissions": [], "password": "pbkdf2_sha256$12000$iohQPI5fgy44$Qng5F9kzSzSMck7luykzBajIr4pTwlf40XeL0nxX8dU=", "email": "justinjones00@gmail.com", "date_joined": "2014-04-21T18:24:58.044Z"}}, {"pk": 2, "model": "auth.user", "fields": {"username": "ron", "first_name": "Ron", "last_name": "Crumpler", "is_active": true, "is_superuser": false, "is_staff": true, "last_login": "2014-07-23T20:20:21.058Z", "groups": [], "user_permissions": [26, 23, 29, 30], "password": "pbkdf2_sha256$12000$d3vBDYJezW76$EQCoardpDZDXPPn9XSeXiGJAJoUddkE8xhQQFaR5IA8=", "email": "Rcrumpler@ameritech.net", "date_joined": "2014-04-21T18:26:04Z"}}, {"pk": 1, "model": "admin.logentry", "fields": {"action_flag": 1, "action_time": "2014-04-21T18:26:04.713Z", "object_repr": "ron", "object_id": "2", "change_message": "", "user": 1, "content_type": 3}}, {"pk": 2, "model": "admin.logentry", "fields": {"action_flag": 2, "action_time": "2014-04-21T18:26:32.388Z", "object_repr": "ron", "object_id": "2", "change_message": "Changed first_name, last_name and email.", "user": 1, "content_type": 3}}, {"pk": 3, "model": "admin.logentry", "fields": {"action_flag": 2, "action_time": "2014-04-21T18:26:52.480Z", "object_repr": "ron", "object_id": "2", "change_message": "Changed is_staff and is_superuser.", "user": 1, "content_type": 3}}, {"pk": 4, "model": "admin.logentry", "fields": {"action_flag": 2, "action_time": "2014-04-23T21:20:58.801Z", "object_repr": "Mike Kirkham", "object_id": "14", "change_message": "Changed skins.", "user": 1, "content_type": 8}}, {"pk": 5, "model": "admin.logentry", "fields": {"action_flag": 2, "action_time": "2014-04-23T21:21:40.839Z", "object_repr": "Mike Kirkham", "object_id": "14", "change_message": "Changed skins.", "user": 1, "content_type": 8}}, {"pk": 6, "model": "admin.logentry", "fields": {"action_flag": 2, "action_time": "2014-04-25T12:45:00.300Z", "object_repr": "1", "object_id": "9", "change_message": "Changed hole_1.", "user": 1, "content_type": 10}}, {"pk": 7, "model": "admin.logentry", "fields": {"action_flag": 2, "action_time": "2014-04-25T12:45:18.678Z", "object_repr": "Gary Thompson", "object_id": "10", "change_message": "No fields changed.", "user": 1, "content_type": 8}}, {"pk": 8, "model": "admin.logentry", "fields": {"action_flag": 2, "action_time": "2014-04-25T12:45:41.335Z", "object_repr": "1", "object_id": "9", "change_message": "Changed cur_handicap.", "user": 1, "content_type": 10}}, {"pk": 9, "model": "admin.logentry", "fields": {"action_flag": 2, "action_time": "2014-04-25T13:01:05.548Z", "object_repr": "Jack Mitchon", "object_id": "3", "change_message": "Changed phone_alt.", "user": 1, "content_type": 8}}, {"pk": 10, "model": "admin.logentry", "fields": {"action_flag": 2, "action_time": "2014-04-25T13:01:11.239Z", "object_repr": "Jack Mitchon", "object_id": "3", "change_message": "No fields changed.", "user": 1, "content_type": 8}}, {"pk": 11, "model": "admin.logentry", "fields": {"action_flag": 2, "action_time": "2014-04-25T14:10:23.266Z", "object_repr": "1", "object_id": "9", "change_message": "Changed cur_handicap.", "user": 1, "content_type": 10}}, {"pk": 12, "model": "admin.logentry", "fields": {"action_flag": 2, "action_time": "2014-04-25T14:11:21.182Z", "object_repr": "Gary Thompson", "object_id": "10", "change_message": "Changed handicap.", "user": 1, "content_type": 8}}, {"pk": 13, "model": "admin.logentry", "fields": {"action_flag": 2, "action_time": "2014-04-25T14:11:34.262Z", "object_repr": "1", "object_id": "9", "change_message": "Changed cur_handicap.", "user": 1, "content_type": 10}}, {"pk": 14, "model": "admin.logentry", "fields": {"action_flag": 3, "action_time": "2014-04-29T14:43:54.635Z", "object_repr": "2", "object_id": "16", "change_message": "", "user": 1, "content_type": 10}}, {"pk": 15, "model": "admin.logentry", "fields": {"action_flag": 2, "action_time": "2014-05-04T23:11:58.893Z", "object_repr": "Paul Scheffel", "object_id": "16", "change_message": "Changed skins.", "user": 1, "content_type": 8}}, {"pk": 16, "model": "admin.logentry", "fields": {"action_flag": 2, "action_time": "2014-05-19T16:11:28.307Z", "object_repr": "Mike Kirkham", "object_id": "14", "change_message": "Changed phone.", "user": 1, "content_type": 8}}, {"pk": 17, "model": "admin.logentry", "fields": {"action_flag": 2, "action_time": "2014-05-19T16:13:33.022Z", "object_repr": "ron", "object_id": "2", "change_message": "Changed is_superuser and user_permissions.", "user": 1, "content_type": 3}}, {"pk": 18, "model": "admin.logentry", "fields": {"action_flag": 2, "action_time": "2014-07-07T16:35:38.794Z", "object_repr": "10", "object_id": "142", "change_message": "Changed date.", "user": 1, "content_type": 10}}, {"pk": 19, "model": "admin.logentry", "fields": {"action_flag": 2, "action_time": "2014-07-07T16:35:40.043Z", "object_repr": "10", "object_id": "142", "change_message": "Changed cur_handicap.", "user": 1, "content_type": 10}}, {"pk": 20, "model": "admin.logentry", "fields": {"action_flag": 2, "action_time": "2014-07-07T16:35:50.884Z", "object_repr": "10", "object_id": "141", "change_message": "Changed date.", "user": 1, "content_type": 10}}, {"pk": 21, "model": "admin.logentry", "fields": {"action_flag": 2, "action_time": "2014-07-07T16:35:58.908Z", "object_repr": "10", "object_id": "140", "change_message": "Changed date.", "user": 1, "content_type": 10}}, {"pk": 22, "model": "admin.logentry", "fields": {"action_flag": 2, "action_time": "2014-07-07T16:36:08.165Z", "object_repr": "10", "object_id": "139", "change_message": "Changed date.", "user": 1, "content_type": 10}}, {"pk": 23, "model": "admin.logentry", "fields": {"action_flag": 2, "action_time": "2014-07-07T16:36:48.437Z", "object_repr": "10", "object_id": "138", "change_message": "Changed date.", "user": 1, "content_type": 10}}, {"pk": 24, "model": "admin.logentry", "fields": {"action_flag": 2, "action_time": "2014-07-07T16:36:58.673Z", "object_repr": "10", "object_id": "137", "change_message": "Changed date.", "user": 1, "content_type": 10}}, {"pk": 25, "model": "admin.logentry", "fields": {"action_flag": 2, "action_time": "2014-07-07T16:37:08.483Z", "object_repr": "10", "object_id": "136", "change_message": "Changed date.", "user": 1, "content_type": 10}}, {"pk": 26, "model": "admin.logentry", "fields": {"action_flag": 2, "action_time": "2014-07-07T16:37:17.600Z", "object_repr": "10", "object_id": "135", "change_message": "Changed date.", "user": 1, "content_type": 10}}, {"pk": 27, "model": "admin.logentry", "fields": {"action_flag": 2, "action_time": "2014-07-07T16:37:27.187Z", "object_repr": "10", "object_id": "134", "change_message": "Changed date.", "user": 1, "content_type": 10}}, {"pk": 28, "model": "admin.logentry", "fields": {"action_flag": 2, "action_time": "2014-07-07T16:37:40.234Z", "object_repr": "10", "object_id": "133", "change_message": "Changed date.", "user": 1, "content_type": 10}}, {"pk": 29, "model": "admin.logentry", "fields": {"action_flag": 2, "action_time": "2014-07-07T16:37:50.128Z", "object_repr": "10", "object_id": "132", "change_message": "Changed date.", "user": 1, "content_type": 10}}, {"pk": 30, "model": "admin.logentry", "fields": {"action_flag": 2, "action_time": "2014-07-07T16:38:13.407Z", "object_repr": "10", "object_id": "131", "change_message": "Changed date.", "user": 1, "content_type": 10}}, {"pk": 31, "model": "admin.logentry", "fields": {"action_flag": 2, "action_time": "2014-07-07T16:38:40.717Z", "object_repr": "10", "object_id": "130", "change_message": "Changed date.", "user": 1, "content_type": 10}}, {"pk": 32, "model": "admin.logentry", "fields": {"action_flag": 2, "action_time": "2014-07-07T16:38:50.075Z", "object_repr": "10", "object_id": "129", "change_message": "Changed date.", "user": 1, "content_type": 10}}]