[{"pk": 1, "model": "golf.golfer", "fields": {"phone_alt": "525-8279", "first_name": "Ron", "last_name": "Crumpler", "handicap": 7, "skins": true, "phone": "414-3561", "def_handicap": 6, "mod_date": "2014-07-23", "email": "rcrumpler@ameritech.net"}}, {"pk": 2, "model": "golf.golfer", "fields": {"phone_alt": "416-1108", "first_name": "Sam", "last_name": "Ashmore", "handicap": 6, "skins": true, "phone": "793-7221", "def_handicap": 7, "mod_date": "2014-07-23", "email": "moooking@sbcglobal.net "}}, {"pk": 3, "model": "golf.golfer", "fields": {"phone_alt": "971-1611", "first_name": "Jack", "last_name": "Mitchon", "handicap": 7, "skins": true, "phone": "498-8900", "def_handicap": 9, "mod_date": "2014-07-10", "email": "jmitchon@aol.com "}}, {"pk": 4, "model": "golf.golfer", "fields": {"phone_alt": "546-9932", "first_name": "Jerry", "last_name": "Gottstein", "handicap": 7, "skins": true, "phone": "546-4688", "def_handicap": 5, "mod_date": "2014-07-23", "email": "gotts1@prodigy.net"}}, {"pk": 5, "model": "golf.golfer", "fields": {"phone_alt": "", "first_name": "Bill", "last_name": "Tackett", "handicap": 8, "skins": true, "phone": "891-8151", "def_handicap": 9, "mod_date": "2014-07-23", "email": "bilpatt2@royell.org "}}, {"pk": 6, "model": "golf.golfer", "fields": {"phone_alt": "971-3268", "first_name": "Milt", "last_name": "Johnson", "handicap": 14, "skins": true, "phone": "529-7406", "def_handicap": 12, "mod_date": "2014-07-23", "email": "jr6505@sbcglobal.net"}}, {"pk": 7, "model": "golf.golfer", "fields": {"phone_alt": "", "first_name": "Brad", "last_name": "Harris", "handicap": 10, "skins": true, "phone": "787-6060", "def_handicap": 11, "mod_date": "2014-07-23", "email": "bbharris@ameritech.net"}}, {"pk": 8, "model": "golf.golfer", "fields": {"phone_alt": "", "first_name": "Ken", "last_name": "Nilhas", "handicap": 16, "skins": true, "phone": "793-6428", "def_handicap": 15, "mod_date": "2014-07-23", "email": "nilhas@sbcglobal.net "}}, {"pk": 9, "model": "golf.golfer", "fields": {"phone_alt": "", "first_name": "John", "last_name": "Berman", "handicap": 20, "skins": true, "phone": "546-6691", "def_handicap": 17, "mod_date": "2014-07-23", "email": "berman2311@aol.com"}}, {"pk": 10, "model": "golf.golfer", "fields": {"phone_alt": "415-0234", "first_name": "Gary", "last_name": "Thompson", "handicap": 19, "skins": true, "phone": "498-9490", "def_handicap": 17, "mod_date": "2014-07-16", "email": "glcat@yahoo.com"}}, {"pk": 11, "model": "golf.golfer", "fields": {"phone_alt": "741-2037", "first_name": "Jim", "last_name": "Miller", "handicap": 21, "skins": true, "phone": "698-0088", "def_handicap": 21, "mod_date": "2014-07-23", "email": "jimmiller29@comcast.net "}}, {"pk": 12, "model": "golf.golfer", "fields": {"phone_alt": "415-3760", "first_name": "Mark", "last_name": "Lopian", "handicap": 9, "skins": true, "phone": "793-9249", "def_handicap": 6, "mod_date": "2014-07-23", "email": "mlopian@sbcglobal.net "}}, {"pk": 13, "model": "golf.golfer", "fields": {"phone_alt": "341-7366", "first_name": "Harold", "last_name": "Reno", "handicap": 6, "skins": true, "phone": "698-7244", "def_handicap": 8, "mod_date": "2014-07-23", "email": "h.reno@sbcglobal.net"}}, {"pk": 14, "model": "golf.golfer", "fields": {"phone_alt": "", "first_name": "Mike", "last_name": "Kirkham", "handicap": 7, "skins": false, "phone": "529-3060", "def_handicap": 6, "mod_date": "2014-07-23", "email": "kirki7586@sbcglobal.net"}}, {"pk": 15, "model": "golf.golfer", "fields": {"phone_alt": "415-3275", "first_name": "Chuck", "last_name": "Frank", "handicap": 13, "skins": false, "phone": "787-5145", "def_handicap": 11, "mod_date": "2014-07-23", "email": "chuckf42@sbcglobal.net"}}, {"pk": 16, "model": "golf.golfer", "fields": {"phone_alt": "", "first_name": "Paul", "last_name": "Scheffel", "handicap": 22, "skins": true, "phone": "546-9685", "def_handicap": 23, "mod_date": "2014-07-23", "email": ""}}, {"pk": 17, "model": "golf.golfer", "fields": {"phone_alt": "971-0680", "first_name": "Dave", "last_name": "Hallerberg", "handicap": 13, "skins": true, "phone": "438-4091", "def_handicap": 12, "mod_date": "2014-07-23", "email": "daveh@newwavecomm.net "}}, {"pk": 1, "model": "golf.course", "fields": {"slope": 118.0, "rating": 34.0, "hcap04": 8, "hcap05": 5, "hole9par": 4, "hcap03": 4, "hcap01": 2, "hole6par": 4, "hcap08": 9, "hcap09": 6, "hole4par": 3, "hcap02": 1, "hole5par": 4, "hole3par": 4, "hole2par": 4, "hole8par": 3, "mod_date": "2014-04-21", "hcap06": 7, "name": "Bunn Front", "hole1par": 5, "hole7par": 5, "hcap07": 3}}, {"pk": 2, "model": "golf.course", "fields": {"slope": 118.0, "rating": 35.5, "hcap04": 4, "hcap05": 3, "hole9par": 4, "hcap03": 7, "hcap01": 2, "hole6par": 3, "hcap08": 6, "hcap09": 1, "hole4par": 4, "hcap02": 9, "hole5par": 5, "hole3par": 4, "hole2par": 5, "hole8par": 3, "mod_date": "2014-04-21", "hcap06": 5, "name": "Bunn Back", "hole1par": 4, "hole7par": 4, "hcap07": 8}}, {"pk": 1, "model": "golf.round", "fields": {"hole_7": 7, "hole_8": 4, "mod_date": "2014-04-22", "hole_1": 5, "hole_9": 5, "date": "2015-04-21", "cur_handicap": 6, "week_num": 1, "year": 2015, "course_id": 2, "hole_3": 4, "hole_2": 6, "hole_5": 7, "hole_4": 4, "golfer_id": 1, "hole_6": 4}}, {"pk": 2, "model": "golf.round", "fields": {"hole_7": 5, "hole_8": 2, "mod_date": "2014-04-22", "hole_1": 8, "hole_9": 6, "date": "2015-04-21", "cur_handicap": 12, "week_num": 1, "year": 2015, "course_id": 2, "hole_3": 5, "hole_2": 6, "hole_5": 7, "hole_4": 5, "golfer_id": 6, "hole_6": 5}}, {"pk": 3, "model": "golf.round", "fields": {"hole_7": 5, "hole_8": 5, "mod_date": "2014-04-22", "hole_1": 6, "hole_9": 6, "date": "2015-04-21", "cur_handicap": 9, "week_num": 1, "year": 2015, "course_id": 2, "hole_3": 3, "hole_2": 6, "hole_5": 5, "hole_4": 5, "golfer_id": 3, "hole_6": 4}}, {"pk": 4, "model": "golf.round", "fields": {"hole_7": 5, "hole_8": 4, "mod_date": "2014-04-22", "hole_1": 8, "hole_9": 8, "date": "2015-04-21", "cur_handicap": 15, "week_num": 1, "year": 2015, "course_id": 2, "hole_3": 6, "hole_2": 7, "hole_5": 7, "hole_4": 5, "golfer_id": 8, "hole_6": 5}}, {"pk": 5, "model": "golf.round", "fields": {"hole_7": 4, "hole_8": 3, "mod_date": "2014-04-22", "hole_1": 6, "hole_9": 7, "date": "2015-04-21", "cur_handicap": 5, "week_num": 1, "year": 2015, "course_id": 2, "hole_3": 4, "hole_2": 7, "hole_5": 7, "hole_4": 4, "golfer_id": 4, "hole_6": 4}}, {"pk": 6, "model": "golf.round", "fields": {"hole_7": 5, "hole_8": 3, "mod_date": "2014-04-22", "hole_1": 7, "hole_9": 7, "date": "2015-04-21", "cur_handicap": 7, "week_num": 1, "year": 2015, "course_id": 2, "hole_3": 5, "hole_2": 5, "hole_5": 7, "hole_4": 5, "golfer_id": 2, "hole_6": 3}}, {"pk": 7, "model": "golf.round", "fields": {"hole_7": 5, "hole_8": 5, "mod_date": "2014-04-22", "hole_1": 6, "hole_9": 6, "date": "2015-04-21", "cur_handicap": 11, "week_num": 1, "year": 2015, "course_id": 2, "hole_3": 5, "hole_2": 7, "hole_5": 7, "hole_4": 6, "golfer_id": 7, "hole_6": 4}}, {"pk": 8, "model": "golf.round", "fields": {"hole_7": 4, "hole_8": 3, "mod_date": "2014-04-22", "hole_1": 5, "hole_9": 4, "date": "2015-04-21", "cur_handicap": 9, "week_num": 1, "year": 2015, "course_id": 2, "hole_3": 5, "hole_2": 6, "hole_5": 6, "hole_4": 5, "golfer_id": 5, "hole_6": 4}}, {"pk": 9, "model": "golf.round", "fields": {"hole_7": 8, "hole_8": 4, "mod_date": "2014-04-25", "hole_1": 10, "hole_9": 6, "date": "2015-04-21", "cur_handicap": 17, "week_num": 1, "year": 2015, "course_id": 2, "hole_3": 6, "hole_2": 8, "hole_5": 7, "hole_4": 8, "golfer_id": 10, "hole_6": 5}}, {"pk": 10, "model": "golf.round", "fields": {"hole_7": 7, "hole_8": 4, "mod_date": "2014-04-22", "hole_1": 8, "hole_9": 8, "date": "2015-04-21", "cur_handicap": 17, "week_num": 1, "year": 2015, "course_id": 2, "hole_3": 6, "hole_2": 7, "hole_5": 8, "hole_4": 6, "golfer_id": 9, "hole_6": 5}}, {"pk": 11, "model": "golf.round", "fields": {"hole_7": 7, "hole_8": 4, "mod_date": "2014-04-22", "hole_1": 9, "hole_9": 8, "date": "2015-04-21", "cur_handicap": 21, "week_num": 1, "year": 2015, "course_id": 2, "hole_3": 7, "hole_2": 7, "hole_5": 8, "hole_4": 8, "golfer_id": 11, "hole_6": 5}}, {"pk": 12, "model": "golf.round", "fields": {"hole_7": 5, "hole_8": 4, "mod_date": "2014-04-23", "hole_1": 6, "hole_9": 5, "date": "2015-04-21", "cur_handicap": 6, "week_num": 1, "year": 2015, "course_id": 2, "hole_3": 4, "hole_2": 5, "hole_5": 6, "hole_4": 6, "golfer_id": 14, "hole_6": 3}}, {"pk": 13, "model": "golf.round", "fields": {"hole_7": 6, "hole_8": 5, "mod_date": "2014-04-23", "hole_1": 5, "hole_9": 7, "date": "2015-04-21", "cur_handicap": 11, "week_num": 1, "year": 2015, "course_id": 2, "hole_3": 5, "hole_2": 6, "hole_5": 6, "hole_4": 8, "golfer_id": 15, "hole_6": 5}}, {"pk": 14, "model": "golf.round", "fields": {"hole_7": 6, "hole_8": 5, "mod_date": "2014-04-23", "hole_1": 8, "hole_9": 9, "date": "2015-04-21", "cur_handicap": 23, "week_num": 1, "year": 2015, "course_id": 2, "hole_3": 8, "hole_2": 9, "hole_5": 8, "hole_4": 8, "golfer_id": 16, "hole_6": 5}}, {"pk": 15, "model": "golf.round", "fields": {"hole_7": 5, "hole_8": 4, "mod_date": "2014-04-23", "hole_1": 5, "hole_9": 4, "date": "2015-04-22", "cur_handicap": 8, "week_num": 1, "year": 2015, "course_id": 2, "hole_3": 6, "hole_2": 6, "hole_5": 6, "hole_4": 4, "golfer_id": 13, "hole_6": 4}}, {"pk": 17, "model": "golf.round", "fields": {"hole_7": 5, "hole_8": 4, "mod_date": "2014-05-04", "hole_1": 6, "hole_9": 5, "date": "2015-05-03", "cur_handicap": 6, "week_num": 1, "year": 2015, "course_id": 2, "hole_3": 5, "hole_2": 5, "hole_5": 6, "hole_4": 4, "golfer_id": 12, "hole_6": 4}}, {"pk": 18, "model": "golf.round", "fields": {"hole_7": 5, "hole_8": 2, "mod_date": "2014-05-06", "hole_1": 5, "hole_9": 6, "date": "2015-05-05", "cur_handicap": 8, "week_num": 3, "year": 2015, "course_id": 2, "hole_3": 7, "hole_2": 6, "hole_5": 6, "hole_4": 5, "golfer_id": 12, "hole_6": 3}}, {"pk": 19, "model": "golf.round", "fields": {"hole_7": 5, "hole_8": 4, "mod_date": "2014-05-06", "hole_1": 7, "hole_9": 6, "date": "2015-05-05", "cur_handicap": 15, "week_num": 3, "year": 2015, "course_id": 2, "hole_3": 6, "hole_2": 6, "hole_5": 6, "hole_4": 6, "golfer_id": 7, "hole_6": 4}}, {"pk": 20, "model": "golf.round", "fields": {"hole_7": 7, "hole_8": 5, "mod_date": "2014-05-06", "hole_1": 8, "hole_9": 10, "date": "2015-05-05", "cur_handicap": 29, "week_num": 3, "year": 2015, "course_id": 2, "hole_3": 5, "hole_2": 9, "hole_5": 9, "hole_4": 8, "golfer_id": 16, "hole_6": 5}}, {"pk": 21, "model": "golf.round", "fields": {"hole_7": 6, "hole_8": 5, "mod_date": "2014-05-06", "hole_1": 10, "hole_9": 8, "date": "2015-05-05", "cur_handicap": 25, "week_num": 3, "year": 2015, "course_id": 2, "hole_3": 6, "hole_2": 8, "hole_5": 10, "hole_4": 10, "golfer_id": 10, "hole_6": 5}}, {"pk": 22, "model": "golf.round", "fields": {"hole_7": 5, "hole_8": 4, "mod_date": "2014-05-06", "hole_1": 9, "hole_9": 8, "date": "2015-05-05", "cur_handicap": 26, "week_num": 3, "year": 2015, "course_id": 2, "hole_3": 8, "hole_2": 10, "hole_5": 8, "hole_4": 8, "golfer_id": 11, "hole_6": 6}}, {"pk": 23, "model": "golf.round", "fields": {"hole_7": 4, "hole_8": 4, "mod_date": "2014-05-06", "hole_1": 6, "hole_9": 6, "date": "2015-05-05", "cur_handicap": 9, "week_num": 3, "year": 2015, "course_id": 2, "hole_3": 5, "hole_2": 5, "hole_5": 6, "hole_4": 6, "golfer_id": 3, "hole_6": 4}}, {"pk": 24, "model": "golf.round", "fields": {"hole_7": 5, "hole_8": 4, "mod_date": "2014-05-06", "hole_1": 6, "hole_9": 5, "date": "2015-05-05", "cur_handicap": 8, "week_num": 3, "year": 2015, "course_id": 2, "hole_3": 4, "hole_2": 6, "hole_5": 7, "hole_4": 4, "golfer_id": 13, "hole_6": 4}}, {"pk": 25, "model": "golf.round", "fields": {"hole_7": 3, "hole_8": 4, "mod_date": "2014-05-06", "hole_1": 5, "hole_9": 5, "date": "2015-05-05", "cur_handicap": 10, "week_num": 3, "year": 2015, "course_id": 2, "hole_3": 5, "hole_2": 6, "hole_5": 5, "hole_4": 5, "golfer_id": 1, "hole_6": 3}}, {"pk": 26, "model": "golf.round", "fields": {"hole_7": 5, "hole_8": 5, "mod_date": "2014-05-06", "hole_1": 6, "hole_9": 7, "date": "2015-05-05", "cur_handicap": 19, "week_num": 3, "year": 2015, "course_id": 2, "hole_3": 4, "hole_2": 7, "hole_5": 7, "hole_4": 5, "golfer_id": 8, "hole_6": 6}}, {"pk": 27, "model": "golf.round", "fields": {"hole_7": 5, "hole_8": 5, "mod_date": "2014-05-06", "hole_1": 5, "hole_9": 7, "date": "2015-05-05", "cur_handicap": 17, "week_num": 3, "year": 2015, "course_id": 2, "hole_3": 6, "hole_2": 8, "hole_5": 6, "hole_4": 7, "golfer_id": 15, "hole_6": 4}}, {"pk": 28, "model": "golf.round", "fields": {"hole_7": 5, "hole_8": 4, "mod_date": "2014-05-06", "hole_1": 6, "hole_9": 5, "date": "2015-05-05", "cur_handicap": 6, "week_num": 3, "year": 2015, "course_id": 2, "hole_3": 5, "hole_2": 4, "hole_5": 6, "hole_4": 5, "golfer_id": 5, "hole_6": 4}}, {"pk": 29, "model": "golf.round", "fields": {"hole_7": 4, "hole_8": 4, "mod_date": "2014-05-06", "hole_1": 6, "hole_9": 6, "date": "2015-05-05", "cur_handicap": 8, "week_num": 3, "year": 2015, "course_id": 2, "hole_3": 5, "hole_2": 4, "hole_5": 6, "hole_4": 5, "golfer_id": 14, "hole_6": 4}}, {"pk": 30, "model": "golf.round", "fields": {"hole_7": 7, "hole_8": 3, "mod_date": "2014-05-13", "hole_1": 7, "hole_9": 6, "date": "2015-05-12", "cur_handicap": 14, "week_num": 4, "year": 2015, "course_id": 1, "hole_3": 5, "hole_2": 6, "hole_5": 6, "hole_4": 5, "golfer_id": 7, "hole_6": 5}}, {"pk": 31, "model": "golf.round", "fields": {"hole_7": 7, "hole_8": 5, "mod_date": "2014-05-13", "hole_1": 5, "hole_9": 5, "date": "2015-05-12", "cur_handicap": 12, "week_num": 4, "year": 2015, "course_id": 1, "hole_3": 6, "hole_2": 7, "hole_5": 6, "hole_4": 4, "golfer_id": 17, "hole_6": 7}}, {"pk": 32, "model": "golf.round", "fields": {"hole_7": 5, "hole_8": 3, "mod_date": "2014-05-13", "hole_1": 7, "hole_9": 4, "date": "2015-05-12", "cur_handicap": 8, "week_num": 4, "year": 2015, "course_id": 1, "hole_3": 5, "hole_2": 5, "hole_5": 4, "hole_4": 4, "golfer_id": 13, "hole_6": 5}}, {"pk": 33, "model": "golf.round", "fields": {"hole_7": 5, "hole_8": 3, "mod_date": "2014-05-13", "hole_1": 6, "hole_9": 4, "date": "2015-05-12", "cur_handicap": 5, "week_num": 4, "year": 2015, "course_id": 1, "hole_3": 6, "hole_2": 6, "hole_5": 5, "hole_4": 4, "golfer_id": 1, "hole_6": 5}}, {"pk": 34, "model": "golf.round", "fields": {"hole_7": 6, "hole_8": 4, "mod_date": "2014-05-13", "hole_1": 7, "hole_9": 4, "date": "2015-05-12", "cur_handicap": 8, "week_num": 4, "year": 2015, "course_id": 1, "hole_3": 6, "hole_2": 7, "hole_5": 4, "hole_4": 3, "golfer_id": 12, "hole_6": 4}}, {"pk": 35, "model": "golf.round", "fields": {"hole_7": 5, "hole_8": 3, "mod_date": "2014-05-13", "hole_1": 8, "hole_9": 4, "date": "2015-05-12", "cur_handicap": 10, "week_num": 4, "year": 2015, "course_id": 1, "hole_3": 4, "hole_2": 5, "hole_5": 5, "hole_4": 3, "golfer_id": 4, "hole_6": 5}}, {"pk": 36, "model": "golf.round", "fields": {"hole_7": 7, "hole_8": 3, "mod_date": "2014-05-13", "hole_1": 9, "hole_9": 7, "date": "2015-05-12", "cur_handicap": 16, "week_num": 4, "year": 2015, "course_id": 1, "hole_3": 8, "hole_2": 6, "hole_5": 6, "hole_4": 5, "golfer_id": 8, "hole_6": 6}}, {"pk": 37, "model": "golf.round", "fields": {"hole_7": 5, "hole_8": 3, "mod_date": "2014-05-13", "hole_1": 8, "hole_9": 5, "date": "2015-05-12", "cur_handicap": 17, "week_num": 4, "year": 2015, "course_id": 1, "hole_3": 6, "hole_2": 6, "hole_5": 6, "hole_4": 4, "golfer_id": 15, "hole_6": 6}}, {"pk": 38, "model": "golf.round", "fields": {"hole_7": 6, "hole_8": 3, "mod_date": "2014-05-13", "hole_1": 7, "hole_9": 5, "date": "2015-05-12", "cur_handicap": 9, "week_num": 4, "year": 2015, "course_id": 1, "hole_3": 5, "hole_2": 6, "hole_5": 6, "hole_4": 2, "golfer_id": 3, "hole_6": 4}}, {"pk": 39, "model": "golf.round", "fields": {"hole_7": 6, "hole_8": 6, "mod_date": "2014-05-13", "hole_1": 8, "hole_9": 6, "date": "2015-05-12", "cur_handicap": 26, "week_num": 4, "year": 2015, "course_id": 1, "hole_3": 5, "hole_2": 7, "hole_5": 5, "hole_4": 3, "golfer_id": 11, "hole_6": 6}}, {"pk": 40, "model": "golf.round", "fields": {"hole_7": 9, "hole_8": 4, "mod_date": "2014-05-13", "hole_1": 8, "hole_9": 7, "date": "2015-05-12", "cur_handicap": 25, "week_num": 4, "year": 2015, "course_id": 1, "hole_3": 8, "hole_2": 7, "hole_5": 7, "hole_4": 4, "golfer_id": 10, "hole_6": 6}}, {"pk": 41, "model": "golf.round", "fields": {"hole_7": 7, "hole_8": 4, "mod_date": "2014-05-13", "hole_1": 7, "hole_9": 5, "date": "2015-05-12", "cur_handicap": 13, "week_num": 4, "year": 2015, "course_id": 1, "hole_3": 7, "hole_2": 6, "hole_5": 5, "hole_4": 4, "golfer_id": 6, "hole_6": 6}}, {"pk": 42, "model": "golf.round", "fields": {"hole_7": 8, "hole_8": 4, "mod_date": "2014-05-13", "hole_1": 8, "hole_9": 6, "date": "2015-05-12", "cur_handicap": 23, "week_num": 4, "year": 2015, "course_id": 1, "hole_3": 7, "hole_2": 7, "hole_5": 6, "hole_4": 5, "golfer_id": 9, "hole_6": 6}}, {"pk": 43, "model": "golf.round", "fields": {"hole_7": 7, "hole_8": 4, "mod_date": "2014-05-13", "hole_1": 9, "hole_9": 5, "date": "2015-05-12", "cur_handicap": 29, "week_num": 4, "year": 2015, "course_id": 1, "hole_3": 6, "hole_2": 10, "hole_5": 9, "hole_4": 4, "golfer_id": 16, "hole_6": 6}}, {"pk": 44, "model": "golf.round", "fields": {"hole_7": 7, "hole_8": 3, "mod_date": "2014-05-13", "hole_1": 5, "hole_9": 4, "date": "2015-05-12", "cur_handicap": 8, "week_num": 4, "year": 2015, "course_id": 1, "hole_3": 4, "hole_2": 7, "hole_5": 5, "hole_4": 2, "golfer_id": 14, "hole_6": 5}}, {"pk": 45, "model": "golf.round", "fields": {"hole_7": 4, "hole_8": 3, "mod_date": "2014-05-13", "hole_1": 5, "hole_9": 7, "date": "2015-05-12", "cur_handicap": 6, "week_num": 4, "year": 2015, "course_id": 1, "hole_3": 6, "hole_2": 4, "hole_5": 5, "hole_4": 4, "golfer_id": 5, "hole_6": 4}}, {"pk": 46, "model": "golf.round", "fields": {"hole_7": 5, "hole_8": 4, "mod_date": "2014-05-13", "hole_1": 6, "hole_9": 4, "date": "2015-05-10", "cur_handicap": 11, "week_num": 4, "year": 2015, "course_id": 1, "hole_3": 4, "hole_2": 6, "hole_5": 3, "hole_4": 4, "golfer_id": 2, "hole_6": 6}}, {"pk": 47, "model": "golf.round", "fields": {"hole_7": 6, "hole_8": 3, "mod_date": "2014-05-20", "hole_1": 3, "hole_9": 5, "date": "2015-05-19", "cur_handicap": 7, "week_num": 5, "year": 2015, "course_id": 2, "hole_3": 4, "hole_2": 4, "hole_5": 7, "hole_4": 4, "golfer_id": 1, "hole_6": 4}}, {"pk": 48, "model": "golf.round", "fields": {"hole_7": 4, "hole_8": 4, "mod_date": "2014-05-20", "hole_1": 6, "hole_9": 6, "date": "2015-05-19", "cur_handicap": 8, "week_num": 5, "year": 2015, "course_id": 2, "hole_3": 5, "hole_2": 6, "hole_5": 7, "hole_4": 6, "golfer_id": 4, "hole_6": 3}}, {"pk": 49, "model": "golf.round", "fields": {"hole_7": 5, "hole_8": 4, "mod_date": "2014-05-20", "hole_1": 6, "hole_9": 4, "date": "2015-05-19", "cur_handicap": 8, "week_num": 5, "year": 2015, "course_id": 2, "hole_3": 6, "hole_2": 6, "hole_5": 6, "hole_4": 4, "golfer_id": 14, "hole_6": 5}}, {"pk": 50, "model": "golf.round", "fields": {"hole_7": 5, "hole_8": 4, "mod_date": "2014-05-20", "hole_1": 6, "hole_9": 7, "date": "2015-05-19", "cur_handicap": 14, "week_num": 5, "year": 2015, "course_id": 2, "hole_3": 5, "hole_2": 7, "hole_5": 7, "hole_4": 5, "golfer_id": 7, "hole_6": 4}}, {"pk": 51, "model": "golf.round", "fields": {"hole_7": 5, "hole_8": 3, "mod_date": "2014-05-20", "hole_1": 4, "hole_9": 6, "date": "2015-05-19", "cur_handicap": 9, "week_num": 5, "year": 2015, "course_id": 2, "hole_3": 5, "hole_2": 6, "hole_5": 6, "hole_4": 6, "golfer_id": 12, "hole_6": 3}}, {"pk": 52, "model": "golf.round", "fields": {"hole_7": 4, "hole_8": 5, "mod_date": "2014-05-20", "hole_1": 8, "hole_9": 6, "date": "2015-05-19", "cur_handicap": 16, "week_num": 5, "year": 2015, "course_id": 2, "hole_3": 5, "hole_2": 6, "hole_5": 6, "hole_4": 6, "golfer_id": 15, "hole_6": 5}}, {"pk": 53, "model": "golf.round", "fields": {"hole_7": 6, "hole_8": 5, "mod_date": "2014-05-20", "hole_1": 8, "hole_9": 7, "date": "2015-05-19", "cur_handicap": 27, "week_num": 5, "year": 2015, "course_id": 2, "hole_3": 6, "hole_2": 8, "hole_5": 7, "hole_4": 6, "golfer_id": 16, "hole_6": 4}}, {"pk": 54, "model": "golf.round", "fields": {"hole_7": 6, "hole_8": 4, "mod_date": "2014-05-20", "hole_1": 6, "hole_9": 7, "date": "2015-05-19", "cur_handicap": 22, "week_num": 5, "year": 2015, "course_id": 2, "hole_3": 8, "hole_2": 9, "hole_5": 7, "hole_4": 8, "golfer_id": 11, "hole_6": 5}}, {"pk": 55, "model": "golf.round", "fields": {"hole_7": 3, "hole_8": 4, "mod_date": "2014-05-20", "hole_1": 6, "hole_9": 7, "date": "2015-05-19", "cur_handicap": 7, "week_num": 5, "year": 2015, "course_id": 2, "hole_3": 6, "hole_2": 6, "hole_5": 6, "hole_4": 5, "golfer_id": 5, "hole_6": 4}}, {"pk": 56, "model": "golf.round", "fields": {"hole_7": 4, "hole_8": 5, "mod_date": "2014-05-20", "hole_1": 5, "hole_9": 7, "date": "2015-05-19", "cur_handicap": 13, "week_num": 5, "year": 2015, "course_id": 2, "hole_3": 4, "hole_2": 7, "hole_5": 6, "hole_4": 7, "golfer_id": 6, "hole_6": 4}}, {"pk": 57, "model": "golf.round", "fields": {"hole_7": 5, "hole_8": 4, "mod_date": "2014-05-20", "hole_1": 7, "hole_9": 6, "date": "2015-05-19", "cur_handicap": 9, "week_num": 5, "year": 2015, "course_id": 2, "hole_3": 4, "hole_2": 6, "hole_5": 5, "hole_4": 6, "golfer_id": 3, "hole_6": 4}}, {"pk": 58, "model": "golf.round", "fields": {"hole_7": 6, "hole_8": 3, "mod_date": "2014-05-20", "hole_1": 5, "hole_9": 6, "date": "2015-05-19", "cur_handicap": 8, "week_num": 5, "year": 2015, "course_id": 2, "hole_3": 4, "hole_2": 7, "hole_5": 6, "hole_4": 6, "golfer_id": 2, "hole_6": 3}}, {"pk": 59, "model": "golf.round", "fields": {"hole_7": 4, "hole_8": 3, "mod_date": "2014-05-20", "hole_1": 8, "hole_9": 5, "date": "2015-05-19", "cur_handicap": 17, "week_num": 5, "year": 2015, "course_id": 2, "hole_3": 4, "hole_2": 8, "hole_5": 8, "hole_4": 5, "golfer_id": 8, "hole_6": 4}}, {"pk": 60, "model": "golf.round", "fields": {"hole_7": 7, "hole_8": 4, "mod_date": "2014-05-20", "hole_1": 6, "hole_9": 7, "date": "2015-05-19", "cur_handicap": 22, "week_num": 5, "year": 2015, "course_id": 2, "hole_3": 6, "hole_2": 9, "hole_5": 7, "hole_4": 7, "golfer_id": 9, "hole_6": 5}}, {"pk": 61, "model": "golf.round", "fields": {"hole_7": 4, "hole_8": 4, "mod_date": "2014-05-20", "hole_1": 4, "hole_9": 7, "date": "2015-05-19", "cur_handicap": 8, "week_num": 5, "year": 2015, "course_id": 2, "hole_3": 3, "hole_2": 5, "hole_5": 5, "hole_4": 4, "golfer_id": 13, "hole_6": 4}}, {"pk": 62, "model": "golf.round", "fields": {"hole_7": 5, "hole_8": 3, "mod_date": "2014-06-04", "hole_1": 7, "hole_9": 4, "date": "2015-06-02", "cur_handicap": 6, "week_num": 6, "year": 2015, "course_id": 1, "hole_3": 6, "hole_2": 6, "hole_5": 6, "hole_4": 3, "golfer_id": 13, "hole_6": 4}}, {"pk": 63, "model": "golf.round", "fields": {"hole_7": 5, "hole_8": 6, "mod_date": "2014-06-04", "hole_1": 7, "hole_9": 4, "date": "2015-06-02", "cur_handicap": 9, "week_num": 6, "year": 2015, "course_id": 1, "hole_3": 5, "hole_2": 6, "hole_5": 4, "hole_4": 3, "golfer_id": 4, "hole_6": 4}}, {"pk": 64, "model": "golf.round", "fields": {"hole_7": 5, "hole_8": 5, "mod_date": "2014-06-04", "hole_1": 6, "hole_9": 4, "date": "2015-06-02", "cur_handicap": 8, "week_num": 6, "year": 2015, "course_id": 1, "hole_3": 5, "hole_2": 5, "hole_5": 5, "hole_4": 4, "golfer_id": 12, "hole_6": 5}}, {"pk": 65, "model": "golf.round", "fields": {"hole_7": 6, "hole_8": 3, "mod_date": "2014-06-04", "hole_1": 5, "hole_9": 4, "date": "2015-06-02", "cur_handicap": 7, "week_num": 6, "year": 2015, "course_id": 1, "hole_3": 5, "hole_2": 4, "hole_5": 5, "hole_4": 4, "golfer_id": 5, "hole_6": 6}}, {"pk": 66, "model": "golf.round", "fields": {"hole_7": 6, "hole_8": 4, "mod_date": "2014-06-04", "hole_1": 6, "hole_9": 5, "date": "2015-06-02", "cur_handicap": 9, "week_num": 6, "year": 2015, "course_id": 1, "hole_3": 5, "hole_2": 7, "hole_5": 5, "hole_4": 5, "golfer_id": 3, "hole_6": 5}}, {"pk": 67, "model": "golf.round", "fields": {"hole_7": 6, "hole_8": 2, "mod_date": "2014-06-04", "hole_1": 7, "hole_9": 4, "date": "2015-06-02", "cur_handicap": 8, "week_num": 6, "year": 2015, "course_id": 1, "hole_3": 5, "hole_2": 4, "hole_5": 5, "hole_4": 4, "golfer_id": 14, "hole_6": 6}}, {"pk": 68, "model": "golf.round", "fields": {"hole_7": 6, "hole_8": 3, "mod_date": "2014-06-04", "hole_1": 8, "hole_9": 4, "date": "2015-06-02", "cur_handicap": 15, "week_num": 6, "year": 2015, "course_id": 1, "hole_3": 7, "hole_2": 6, "hole_5": 7, "hole_4": 4, "golfer_id": 15, "hole_6": 7}}, {"pk": 69, "model": "golf.round", "fields": {"hole_7": 6, "hole_8": 3, "mod_date": "2014-06-04", "hole_1": 8, "hole_9": 6, "date": "2015-06-02", "cur_handicap": 14, "week_num": 6, "year": 2015, "course_id": 1, "hole_3": 6, "hole_2": 7, "hole_5": 7, "hole_4": 4, "golfer_id": 8, "hole_6": 6}}, {"pk": 70, "model": "golf.round", "fields": {"hole_7": 7, "hole_8": 4, "mod_date": "2014-06-04", "hole_1": 9, "hole_9": 6, "date": "2015-06-02", "cur_handicap": 22, "week_num": 6, "year": 2015, "course_id": 1, "hole_3": 7, "hole_2": 8, "hole_5": 6, "hole_4": 5, "golfer_id": 9, "hole_6": 6}}, {"pk": 71, "model": "golf.round", "fields": {"hole_7": 8, "hole_8": 3, "mod_date": "2014-06-04", "hole_1": 5, "hole_9": 6, "date": "2015-06-02", "cur_handicap": 17, "week_num": 6, "year": 2015, "course_id": 1, "hole_3": 5, "hole_2": 6, "hole_5": 5, "hole_4": 4, "golfer_id": 17, "hole_6": 5}}, {"pk": 72, "model": "golf.round", "fields": {"hole_7": 10, "hole_8": 8, "mod_date": "2014-06-04", "hole_1": 9, "hole_9": 7, "date": "2015-06-02", "cur_handicap": 23, "week_num": 6, "year": 2015, "course_id": 1, "hole_3": 8, "hole_2": 6, "hole_5": 8, "hole_4": 3, "golfer_id": 16, "hole_6": 6}}, {"pk": 73, "model": "golf.round", "fields": {"hole_7": 5, "hole_8": 3, "mod_date": "2014-06-04", "hole_1": 6, "hole_9": 5, "date": "2015-06-02", "cur_handicap": 9, "week_num": 6, "year": 2015, "course_id": 1, "hole_3": 4, "hole_2": 5, "hole_5": 5, "hole_4": 4, "golfer_id": 2, "hole_6": 5}}, {"pk": 74, "model": "golf.round", "fields": {"hole_7": 8, "hole_8": 5, "mod_date": "2014-06-04", "hole_1": 10, "hole_9": 6, "date": "2015-06-02", "cur_handicap": 20, "week_num": 6, "year": 2015, "course_id": 1, "hole_3": 7, "hole_2": 5, "hole_5": 4, "hole_4": 5, "golfer_id": 11, "hole_6": 7}}, {"pk": 75, "model": "golf.round", "fields": {"hole_7": 6, "hole_8": 3, "mod_date": "2014-06-04", "hole_1": 6, "hole_9": 6, "date": "2015-06-02", "cur_handicap": 14, "week_num": 6, "year": 2015, "course_id": 1, "hole_3": 6, "hole_2": 6, "hole_5": 5, "hole_4": 2, "golfer_id": 7, "hole_6": 5}}, {"pk": 76, "model": "golf.round", "fields": {"hole_7": 7, "hole_8": 4, "mod_date": "2014-06-04", "hole_1": 7, "hole_9": 5, "date": "2015-06-02", "cur_handicap": 25, "week_num": 6, "year": 2015, "course_id": 1, "hole_3": 6, "hole_2": 5, "hole_5": 6, "hole_4": 4, "golfer_id": 10, "hole_6": 6}}, {"pk": 77, "model": "golf.round", "fields": {"hole_7": 6, "hole_8": 2, "mod_date": "2014-06-04", "hole_1": 6, "hole_9": 6, "date": "2015-06-02", "cur_handicap": 5, "week_num": 6, "year": 2015, "course_id": 1, "hole_3": 4, "hole_2": 5, "hole_5": 5, "hole_4": 3, "golfer_id": 1, "hole_6": 4}}, {"pk": 78, "model": "golf.round", "fields": {"hole_7": 8, "hole_8": 5, "mod_date": "2014-06-04", "hole_1": 8, "hole_9": 6, "date": "2015-06-02", "cur_handicap": 13, "week_num": 6, "year": 2015, "course_id": 1, "hole_3": 7, "hole_2": 5, "hole_5": 6, "hole_4": 5, "golfer_id": 6, "hole_6": 6}}, {"pk": 79, "model": "golf.round", "fields": {"hole_7": 4, "hole_8": 6, "mod_date": "2014-06-11", "hole_1": 6, "hole_9": 7, "date": "2015-06-09", "cur_handicap": 25, "week_num": 7, "year": 2015, "course_id": 2, "hole_3": 6, "hole_2": 8, "hole_5": 10, "hole_4": 6, "golfer_id": 16, "hole_6": 4}}, {"pk": 80, "model": "golf.round", "fields": {"hole_7": 5, "hole_8": 5, "mod_date": "2014-06-11", "hole_1": 10, "hole_9": 6, "date": "2015-06-09", "cur_handicap": 22, "week_num": 7, "year": 2015, "course_id": 2, "hole_3": 8, "hole_2": 8, "hole_5": 10, "hole_4": 6, "golfer_id": 9, "hole_6": 4}}, {"pk": 81, "model": "golf.round", "fields": {"hole_7": 7, "hole_8": 6, "mod_date": "2014-06-11", "hole_1": 8, "hole_9": 8, "date": "2015-06-09", "cur_handicap": 21, "week_num": 7, "year": 2015, "course_id": 2, "hole_3": 6, "hole_2": 8, "hole_5": 8, "hole_4": 8, "golfer_id": 11, "hole_6": 5}}, {"pk": 82, "model": "golf.round", "fields": {"hole_7": 4, "hole_8": 4, "mod_date": "2014-06-11", "hole_1": 5, "hole_9": 6, "date": "2015-06-09", "cur_handicap": 7, "week_num": 7, "year": 2015, "course_id": 2, "hole_3": 4, "hole_2": 6, "hole_5": 4, "hole_4": 7, "golfer_id": 5, "hole_6": 3}}, {"pk": 83, "model": "golf.round", "fields": {"hole_7": 5, "hole_8": 4, "mod_date": "2014-06-11", "hole_1": 5, "hole_9": 6, "date": "2015-06-09", "cur_handicap": 15, "week_num": 7, "year": 2015, "course_id": 2, "hole_3": 6, "hole_2": 8, "hole_5": 7, "hole_4": 5, "golfer_id": 15, "hole_6": 5}}, {"pk": 84, "model": "golf.round", "fields": {"hole_7": 7, "hole_8": 5, "mod_date": "2014-06-11", "hole_1": 4, "hole_9": 5, "date": "2015-06-09", "cur_handicap": 13, "week_num": 7, "year": 2015, "course_id": 2, "hole_3": 4, "hole_2": 5, "hole_5": 6, "hole_4": 6, "golfer_id": 7, "hole_6": 4}}, {"pk": 85, "model": "golf.round", "fields": {"hole_7": 4, "hole_8": 5, "mod_date": "2014-06-11", "hole_1": 5, "hole_9": 6, "date": "2015-06-09", "cur_handicap": 8, "week_num": 7, "year": 2015, "course_id": 2, "hole_3": 4, "hole_2": 6, "hole_5": 6, "hole_4": 4, "golfer_id": 14, "hole_6": 5}}, {"pk": 86, "model": "golf.round", "fields": {"hole_7": 6, "hole_8": 4, "mod_date": "2014-06-11", "hole_1": 4, "hole_9": 5, "date": "2015-06-09", "cur_handicap": 8, "week_num": 7, "year": 2015, "course_id": 2, "hole_3": 4, "hole_2": 5, "hole_5": 5, "hole_4": 5, "golfer_id": 2, "hole_6": 3}}, {"pk": 87, "model": "golf.round", "fields": {"hole_7": 4, "hole_8": 3, "mod_date": "2014-06-11", "hole_1": 5, "hole_9": 6, "date": "2015-06-09", "cur_handicap": 8, "week_num": 7, "year": 2015, "course_id": 2, "hole_3": 5, "hole_2": 6, "hole_5": 7, "hole_4": 6, "golfer_id": 12, "hole_6": 3}}, {"pk": 88, "model": "golf.round", "fields": {"hole_7": 6, "hole_8": 3, "mod_date": "2014-06-11", "hole_1": 6, "hole_9": 5, "date": "2015-06-09", "cur_handicap": 7, "week_num": 7, "year": 2015, "course_id": 2, "hole_3": 4, "hole_2": 5, "hole_5": 6, "hole_4": 4, "golfer_id": 13, "hole_6": 4}}, {"pk": 89, "model": "golf.round", "fields": {"hole_7": 6, "hole_8": 4, "mod_date": "2014-06-11", "hole_1": 6, "hole_9": 5, "date": "2015-06-09", "cur_handicap": 13, "week_num": 7, "year": 2015, "course_id": 2, "hole_3": 7, "hole_2": 6, "hole_5": 7, "hole_4": 7, "golfer_id": 6, "hole_6": 4}}, {"pk": 90, "model": "golf.round", "fields": {"hole_7": 6, "hole_8": 5, "mod_date": "2014-06-11", "hole_1": 8, "hole_9": 10, "date": "2015-06-09", "cur_handicap": 20, "week_num": 7, "year": 2015, "course_id": 2, "hole_3": 7, "hole_2": 8, "hole_5": 8, "hole_4": 7, "golfer_id": 10, "hole_6": 3}}, {"pk": 91, "model": "golf.round", "fields": {"hole_7": 5, "hole_8": 4, "mod_date": "2014-06-11", "hole_1": 8, "hole_9": 7, "date": "2015-06-09", "cur_handicap": 10, "week_num": 7, "year": 2015, "course_id": 2, "hole_3": 5, "hole_2": 5, "hole_5": 5, "hole_4": 6, "golfer_id": 3, "hole_6": 3}}, {"pk": 92, "model": "golf.round", "fields": {"hole_7": 7, "hole_8": 4, "mod_date": "2014-06-11", "hole_1": 5, "hole_9": 5, "date": "2015-06-09", "cur_handicap": 5, "week_num": 7, "year": 2015, "course_id": 2, "hole_3": 4, "hole_2": 6, "hole_5": 5, "hole_4": 5, "golfer_id": 1, "hole_6": 4}}, {"pk": 93, "model": "golf.round", "fields": {"hole_7": 7, "hole_8": 7, "mod_date": "2014-06-11", "hole_1": 6, "hole_9": 4, "date": "2015-06-09", "cur_handicap": 9, "week_num": 7, "year": 2015, "course_id": 2, "hole_3": 6, "hole_2": 6, "hole_5": 6, "hole_4": 5, "golfer_id": 4, "hole_6": 3}}, {"pk": 94, "model": "golf.round", "fields": {"hole_7": 6, "hole_8": 4, "mod_date": "2014-06-11", "hole_1": 6, "hole_9": 8, "date": "2015-06-09", "cur_handicap": 12, "week_num": 7, "year": 2015, "course_id": 2, "hole_3": 4, "hole_2": 6, "hole_5": 8, "hole_4": 5, "golfer_id": 17, "hole_6": 4}}, {"pk": 95, "model": "golf.round", "fields": {"hole_7": 4, "hole_8": 4, "mod_date": "2014-06-11", "hole_1": 7, "hole_9": 7, "date": "2015-06-09", "cur_handicap": 16, "week_num": 7, "year": 2015, "course_id": 2, "hole_3": 8, "hole_2": 6, "hole_5": 8, "hole_4": 6, "golfer_id": 8, "hole_6": 3}}, {"pk": 96, "model": "golf.round", "fields": {"hole_7": 6, "hole_8": 3, "mod_date": "2014-06-18", "hole_1": 5, "hole_9": 6, "date": "2015-06-16", "cur_handicap": 8, "week_num": 8, "year": 2015, "course_id": 1, "hole_3": 5, "hole_2": 6, "hole_5": 5, "hole_4": 4, "golfer_id": 12, "hole_6": 5}}, {"pk": 97, "model": "golf.round", "fields": {"hole_7": 7, "hole_8": 4, "mod_date": "2014-06-18", "hole_1": 6, "hole_9": 6, "date": "2015-06-16", "cur_handicap": 22, "week_num": 8, "year": 2015, "course_id": 1, "hole_3": 5, "hole_2": 8, "hole_5": 6, "hole_4": 4, "golfer_id": 10, "hole_6": 5}}, {"pk": 98, "model": "golf.round", "fields": {"hole_7": 5, "hole_8": 4, "mod_date": "2014-06-18", "hole_1": 7, "hole_9": 4, "date": "2015-06-16", "cur_handicap": 9, "week_num": 8, "year": 2015, "course_id": 1, "hole_3": 4, "hole_2": 6, "hole_5": 4, "hole_4": 3, "golfer_id": 4, "hole_6": 5}}, {"pk": 99, "model": "golf.round", "fields": {"hole_7": 5, "hole_8": 3, "mod_date": "2014-06-18", "hole_1": 6, "hole_9": 6, "date": "2015-06-16", "cur_handicap": 7, "week_num": 8, "year": 2015, "course_id": 1, "hole_3": 7, "hole_2": 6, "hole_5": 6, "hole_4": 4, "golfer_id": 5, "hole_6": 4}}, {"pk": 100, "model": "golf.round", "fields": {"hole_7": 7, "hole_8": 4, "mod_date": "2014-06-18", "hole_1": 7, "hole_9": 8, "date": "2015-06-16", "cur_handicap": 21, "week_num": 8, "year": 2015, "course_id": 1, "hole_3": 8, "hole_2": 6, "hole_5": 5, "hole_4": 2, "golfer_id": 11, "hole_6": 6}}, {"pk": 101, "model": "golf.round", "fields": {"hole_7": 5, "hole_8": 5, "mod_date": "2014-06-18", "hole_1": 7, "hole_9": 5, "date": "2015-06-16", "cur_handicap": 12, "week_num": 8, "year": 2015, "course_id": 1, "hole_3": 3, "hole_2": 7, "hole_5": 5, "hole_4": 6, "golfer_id": 7, "hole_6": 7}}, {"pk": 102, "model": "golf.round", "fields": {"hole_7": 6, "hole_8": 4, "mod_date": "2014-06-18", "hole_1": 8, "hole_9": 7, "date": "2015-06-16", "cur_handicap": 15, "week_num": 8, "year": 2015, "course_id": 1, "hole_3": 6, "hole_2": 6, "hole_5": 5, "hole_4": 4, "golfer_id": 15, "hole_6": 6}}, {"pk": 103, "model": "golf.round", "fields": {"hole_7": 5, "hole_8": 3, "mod_date": "2014-06-18", "hole_1": 5, "hole_9": 5, "date": "2015-06-16", "cur_handicap": 7, "week_num": 8, "year": 2015, "course_id": 1, "hole_3": 5, "hole_2": 5, "hole_5": 5, "hole_4": 5, "golfer_id": 2, "hole_6": 3}}, {"pk": 104, "model": "golf.round", "fields": {"hole_7": 4, "hole_8": 4, "mod_date": "2014-06-18", "hole_1": 6, "hole_9": 5, "date": "2015-06-16", "cur_handicap": 8, "week_num": 8, "year": 2015, "course_id": 1, "hole_3": 5, "hole_2": 4, "hole_5": 5, "hole_4": 4, "golfer_id": 14, "hole_6": 4}}, {"pk": 105, "model": "golf.round", "fields": {"hole_7": 5, "hole_8": 4, "mod_date": "2014-06-18", "hole_1": 6, "hole_9": 3, "date": "2015-06-16", "cur_handicap": 10, "week_num": 8, "year": 2015, "course_id": 1, "hole_3": 3, "hole_2": 5, "hole_5": 4, "hole_4": 4, "golfer_id": 3, "hole_6": 5}}, {"pk": 106, "model": "golf.round", "fields": {"hole_7": 6, "hole_8": 5, "mod_date": "2014-06-18", "hole_1": 8, "hole_9": 5, "date": "2015-06-16", "cur_handicap": 14, "week_num": 8, "year": 2015, "course_id": 1, "hole_3": 4, "hole_2": 5, "hole_5": 5, "hole_4": 4, "golfer_id": 6, "hole_6": 5}}, {"pk": 107, "model": "golf.round", "fields": {"hole_7": 5, "hole_8": 4, "mod_date": "2014-06-18", "hole_1": 8, "hole_9": 4, "date": "2015-06-16", "cur_handicap": 14, "week_num": 8, "year": 2015, "course_id": 1, "hole_3": 5, "hole_2": 5, "hole_5": 7, "hole_4": 4, "golfer_id": 17, "hole_6": 3}}, {"pk": 108, "model": "golf.round", "fields": {"hole_7": 6, "hole_8": 3, "mod_date": "2014-06-18", "hole_1": 6, "hole_9": 5, "date": "2015-06-16", "cur_handicap": 5, "week_num": 8, "year": 2015, "course_id": 1, "hole_3": 3, "hole_2": 5, "hole_5": 7, "hole_4": 5, "golfer_id": 1, "hole_6": 5}}, {"pk": 109, "model": "golf.round", "fields": {"hole_7": 9, "hole_8": 4, "mod_date": "2014-06-18", "hole_1": 9, "hole_9": 6, "date": "2015-06-16", "cur_handicap": 22, "week_num": 8, "year": 2015, "course_id": 1, "hole_3": 7, "hole_2": 7, "hole_5": 6, "hole_4": 4, "golfer_id": 16, "hole_6": 6}}, {"pk": 110, "model": "golf.round", "fields": {"hole_7": 7, "hole_8": 5, "mod_date": "2014-06-18", "hole_1": 8, "hole_9": 7, "date": "2015-06-16", "cur_handicap": 22, "week_num": 8, "year": 2015, "course_id": 1, "hole_3": 5, "hole_2": 6, "hole_5": 8, "hole_4": 5, "golfer_id": 9, "hole_6": 6}}, {"pk": 111, "model": "golf.round", "fields": {"hole_7": 9, "hole_8": 3, "mod_date": "2014-06-18", "hole_1": 7, "hole_9": 4, "date": "2015-06-16", "cur_handicap": 15, "week_num": 8, "year": 2015, "course_id": 1, "hole_3": 7, "hole_2": 6, "hole_5": 5, "hole_4": 7, "golfer_id": 8, "hole_6": 9}}, {"pk": 112, "model": "golf.round", "fields": {"hole_7": 5, "hole_8": 5, "mod_date": "2014-06-18", "hole_1": 5, "hole_9": 4, "date": "2015-06-16", "cur_handicap": 6, "week_num": 8, "year": 2015, "course_id": 1, "hole_3": 5, "hole_2": 5, "hole_5": 4, "hole_4": 3, "golfer_id": 13, "hole_6": 4}}, {"pk": 113, "model": "golf.round", "fields": {"hole_7": 4, "hole_8": 3, "mod_date": "2014-06-25", "hole_1": 6, "hole_9": 7, "date": "2015-06-23", "cur_handicap": 7, "week_num": 9, "year": 2015, "course_id": 2, "hole_3": 5, "hole_2": 5, "hole_5": 6, "hole_4": 5, "golfer_id": 5, "hole_6": 3}}, {"pk": 114, "model": "golf.round", "fields": {"hole_7": 4, "hole_8": 5, "mod_date": "2014-06-25", "hole_1": 5, "hole_9": 6, "date": "2015-06-23", "cur_handicap": 9, "week_num": 9, "year": 2015, "course_id": 2, "hole_3": 6, "hole_2": 5, "hole_5": 6, "hole_4": 6, "golfer_id": 12, "hole_6": 4}}, {"pk": 115, "model": "golf.round", "fields": {"hole_7": 5, "hole_8": 3, "mod_date": "2014-06-25", "hole_1": 5, "hole_9": 7, "date": "2015-06-23", "cur_handicap": 6, "week_num": 9, "year": 2015, "course_id": 2, "hole_3": 6, "hole_2": 7, "hole_5": 6, "hole_4": 5, "golfer_id": 1, "hole_6": 3}}, {"pk": 116, "model": "golf.round", "fields": {"hole_7": 6, "hole_8": 4, "mod_date": "2014-06-25", "hole_1": 9, "hole_9": 9, "date": "2015-06-23", "cur_handicap": 20, "week_num": 9, "year": 2015, "course_id": 2, "hole_3": 5, "hole_2": 8, "hole_5": 8, "hole_4": 6, "golfer_id": 11, "hole_6": 6}}, {"pk": 117, "model": "golf.round", "fields": {"hole_7": 5, "hole_8": 3, "mod_date": "2014-06-25", "hole_1": 9, "hole_9": 7, "date": "2015-06-23", "cur_handicap": 22, "week_num": 9, "year": 2015, "course_id": 2, "hole_3": 6, "hole_2": 8, "hole_5": 7, "hole_4": 7, "golfer_id": 9, "hole_6": 5}}, {"pk": 118, "model": "golf.round", "fields": {"hole_7": 6, "hole_8": 3, "mod_date": "2014-06-25", "hole_1": 5, "hole_9": 6, "date": "2015-06-23", "cur_handicap": 8, "week_num": 9, "year": 2015, "course_id": 2, "hole_3": 5, "hole_2": 6, "hole_5": 6, "hole_4": 4, "golfer_id": 4, "hole_6": 4}}, {"pk": 119, "model": "golf.round", "fields": {"hole_7": 6, "hole_8": 2, "mod_date": "2014-06-25", "hole_1": 6, "hole_9": 5, "date": "2015-06-23", "cur_handicap": 16, "week_num": 9, "year": 2015, "course_id": 2, "hole_3": 7, "hole_2": 8, "hole_5": 7, "hole_4": 6, "golfer_id": 8, "hole_6": 5}}, {"pk": 120, "model": "golf.round", "fields": {"hole_7": 8, "hole_8": 4, "mod_date": "2014-06-25", "hole_1": 6, "hole_9": 8, "date": "2015-06-23", "cur_handicap": 19, "week_num": 9, "year": 2015, "course_id": 2, "hole_3": 5, "hole_2": 9, "hole_5": 7, "hole_4": 8, "golfer_id": 10, "hole_6": 4}}, {"pk": 121, "model": "golf.round", "fields": {"hole_7": 4, "hole_8": 4, "mod_date": "2014-06-25", "hole_1": 6, "hole_9": 3, "date": "2015-06-23", "cur_handicap": 15, "week_num": 9, "year": 2015, "course_id": 2, "hole_3": 4, "hole_2": 6, "hole_5": 7, "hole_4": 7, "golfer_id": 15, "hole_6": 4}}, {"pk": 122, "model": "golf.round", "fields": {"hole_7": 5, "hole_8": 4, "mod_date": "2014-06-25", "hole_1": 6, "hole_9": 5, "date": "2015-06-23", "cur_handicap": 8, "week_num": 9, "year": 2015, "course_id": 2, "hole_3": 6, "hole_2": 4, "hole_5": 7, "hole_4": 5, "golfer_id": 14, "hole_6": 4}}, {"pk": 123, "model": "golf.round", "fields": {"hole_7": 5, "hole_8": 3, "mod_date": "2014-06-25", "hole_1": 6, "hole_9": 7, "date": "2015-06-23", "cur_handicap": 12, "week_num": 9, "year": 2015, "course_id": 2, "hole_3": 4, "hole_2": 6, "hole_5": 7, "hole_4": 6, "golfer_id": 7, "hole_6": 4}}, {"pk": 124, "model": "golf.round", "fields": {"hole_7": 5, "hole_8": 5, "mod_date": "2014-06-25", "hole_1": 7, "hole_9": 5, "date": "2015-06-23", "cur_handicap": 8, "week_num": 9, "year": 2015, "course_id": 2, "hole_3": 5, "hole_2": 6, "hole_5": 6, "hole_4": 5, "golfer_id": 3, "hole_6": 2}}, {"pk": 125, "model": "golf.round", "fields": {"hole_7": 4, "hole_8": 4, "mod_date": "2014-06-25", "hole_1": 5, "hole_9": 8, "date": "2015-06-23", "cur_handicap": 12, "week_num": 9, "year": 2015, "course_id": 2, "hole_3": 5, "hole_2": 6, "hole_5": 8, "hole_4": 8, "golfer_id": 17, "hole_6": 4}}, {"pk": 126, "model": "golf.round", "fields": {"hole_7": 4, "hole_8": 4, "mod_date": "2014-06-25", "hole_1": 5, "hole_9": 6, "date": "2015-06-23", "cur_handicap": 6, "week_num": 9, "year": 2015, "course_id": 2, "hole_3": 5, "hole_2": 6, "hole_5": 6, "hole_4": 5, "golfer_id": 13, "hole_6": 3}}, {"pk": 127, "model": "golf.round", "fields": {"hole_7": 4, "hole_8": 5, "mod_date": "2014-06-25", "hole_1": 6, "hole_9": 4, "date": "2015-06-23", "cur_handicap": 7, "week_num": 9, "year": 2015, "course_id": 2, "hole_3": 5, "hole_2": 5, "hole_5": 6, "hole_4": 5, "golfer_id": 2, "hole_6": 4}}, {"pk": 128, "model": "golf.round", "fields": {"hole_7": 5, "hole_8": 3, "mod_date": "2014-07-03", "hole_1": 5, "hole_9": 5, "date": "2015-06-30", "cur_handicap": 7, "week_num": 10, "year": 2015, "course_id": 1, "hole_3": 4, "hole_2": 5, "hole_5": 4, "hole_4": 3, "golfer_id": 2, "hole_6": 4}}, {"pk": 129, "model": "golf.round", "fields": {"hole_7": 8, "hole_8": 4, "mod_date": "2014-07-07", "hole_1": 8, "hole_9": 6, "date": "2015-06-30", "cur_handicap": 20, "week_num": 10, "year": 2015, "course_id": 1, "hole_3": 8, "hole_2": 7, "hole_5": 6, "hole_4": 3, "golfer_id": 11, "hole_6": 5}}, {"pk": 130, "model": "golf.round", "fields": {"hole_7": 7, "hole_8": 5, "mod_date": "2014-07-07", "hole_1": 10, "hole_9": 3, "date": "2015-06-30", "cur_handicap": 18, "week_num": 10, "year": 2015, "course_id": 1, "hole_3": 6, "hole_2": 7, "hole_5": 7, "hole_4": 4, "golfer_id": 10, "hole_6": 5}}, {"pk": 131, "model": "golf.round", "fields": {"hole_7": 7, "hole_8": 5, "mod_date": "2014-07-07", "hole_1": 8, "hole_9": 5, "date": "2015-06-30", "cur_handicap": 21, "week_num": 10, "year": 2015, "course_id": 1, "hole_3": 6, "hole_2": 6, "hole_5": 7, "hole_4": 4, "golfer_id": 16, "hole_6": 6}}, {"pk": 132, "model": "golf.round", "fields": {"hole_7": 7, "hole_8": 4, "mod_date": "2014-07-07", "hole_1": 7, "hole_9": 4, "date": "2015-06-30", "cur_handicap": 7, "week_num": 10, "year": 2015, "course_id": 1, "hole_3": 6, "hole_2": 5, "hole_5": 6, "hole_4": 4, "golfer_id": 5, "hole_6": 5}}, {"pk": 133, "model": "golf.round", "fields": {"hole_7": 5, "hole_8": 3, "mod_date": "2014-07-07", "hole_1": 7, "hole_9": 6, "date": "2015-06-30", "cur_handicap": 7, "week_num": 10, "year": 2015, "course_id": 1, "hole_3": 6, "hole_2": 5, "hole_5": 3, "hole_4": 3, "golfer_id": 13, "hole_6": 4}}, {"pk": 134, "model": "golf.round", "fields": {"hole_7": 5, "hole_8": 3, "mod_date": "2014-07-07", "hole_1": 7, "hole_9": 4, "date": "2015-06-30", "cur_handicap": 8, "week_num": 10, "year": 2015, "course_id": 1, "hole_3": 5, "hole_2": 4, "hole_5": 4, "hole_4": 4, "golfer_id": 3, "hole_6": 3}}, {"pk": 135, "model": "golf.round", "fields": {"hole_7": 6, "hole_8": 4, "mod_date": "2014-07-07", "hole_1": 7, "hole_9": 4, "date": "2015-06-30", "cur_handicap": 8, "week_num": 10, "year": 2015, "course_id": 1, "hole_3": 4, "hole_2": 5, "hole_5": 4, "hole_4": 3, "golfer_id": 4, "hole_6": 4}}, {"pk": 136, "model": "golf.round", "fields": {"hole_7": 6, "hole_8": 4, "mod_date": "2014-07-07", "hole_1": 8, "hole_9": 5, "date": "2015-06-30", "cur_handicap": 13, "week_num": 10, "year": 2015, "course_id": 1, "hole_3": 4, "hole_2": 6, "hole_5": 7, "hole_4": 3, "golfer_id": 15, "hole_6": 5}}, {"pk": 137, "model": "golf.round", "fields": {"hole_7": 7, "hole_8": 5, "mod_date": "2014-07-07", "hole_1": 8, "hole_9": 6, "date": "2015-06-30", "cur_handicap": 21, "week_num": 10, "year": 2015, "course_id": 1, "hole_3": 7, "hole_2": 6, "hole_5": 6, "hole_4": 4, "golfer_id": 9, "hole_6": 6}}, {"pk": 138, "model": "golf.round", "fields": {"hole_7": 6, "hole_8": 4, "mod_date": "2014-07-07", "hole_1": 6, "hole_9": 5, "date": "2015-06-30", "cur_handicap": 9, "week_num": 10, "year": 2015, "course_id": 1, "hole_3": 5, "hole_2": 6, "hole_5": 4, "hole_4": 3, "golfer_id": 12, "hole_6": 4}}, {"pk": 139, "model": "golf.round", "fields": {"hole_7": 8, "hole_8": 3, "mod_date": "2014-07-07", "hole_1": 8, "hole_9": 5, "date": "2015-06-30", "cur_handicap": 12, "week_num": 10, "year": 2015, "course_id": 1, "hole_3": 6, "hole_2": 5, "hole_5": 5, "hole_4": 3, "golfer_id": 17, "hole_6": 5}}, {"pk": 140, "model": "golf.round", "fields": {"hole_7": 7, "hole_8": 4, "mod_date": "2014-07-07", "hole_1": 7, "hole_9": 4, "date": "2015-06-30", "cur_handicap": 16, "week_num": 10, "year": 2015, "course_id": 1, "hole_3": 7, "hole_2": 8, "hole_5": 8, "hole_4": 4, "golfer_id": 8, "hole_6": 8}}, {"pk": 141, "model": "golf.round", "fields": {"hole_7": 6, "hole_8": 3, "mod_date": "2014-07-07", "hole_1": 7, "hole_9": 4, "date": "2015-06-30", "cur_handicap": 8, "week_num": 10, "year": 2015, "course_id": 1, "hole_3": 5, "hole_2": 4, "hole_5": 6, "hole_4": 5, "golfer_id": 14, "hole_6": 4}}, {"pk": 142, "model": "golf.round", "fields": {"hole_7": 7, "hole_8": 4, "mod_date": "2014-07-07", "hole_1": 6, "hole_9": 5, "date": "2015-06-30", "cur_handicap": 7, "week_num": 10, "year": 2015, "course_id": 1, "hole_3": 5, "hole_2": 6, "hole_5": 5, "hole_4": 3, "golfer_id": 1, "hole_6": 4}}, {"pk": 143, "model": "golf.round", "fields": {"hole_7": 5, "hole_8": 3, "mod_date": "2014-07-10", "hole_1": 7, "hole_9": 5, "date": "2015-07-07", "cur_handicap": 7, "week_num": 11, "year": 2015, "course_id": 2, "hole_3": 4, "hole_2": 5, "hole_5": 6, "hole_4": 5, "golfer_id": 1, "hole_6": 3}}, {"pk": 144, "model": "golf.round", "fields": {"hole_7": 4, "hole_8": 3, "mod_date": "2014-07-10", "hole_1": 5, "hole_9": 7, "date": "2015-07-07", "cur_handicap": 9, "week_num": 11, "year": 2015, "course_id": 2, "hole_3": 5, "hole_2": 7, "hole_5": 7, "hole_4": 5, "golfer_id": 12, "hole_6": 4}}, {"pk": 145, "model": "golf.round", "fields": {"hole_7": 6, "hole_8": 4, "mod_date": "2014-07-10", "hole_1": 8, "hole_9": 5, "date": "2015-07-07", "cur_handicap": 13, "week_num": 11, "year": 2015, "course_id": 2, "hole_3": 7, "hole_2": 6, "hole_5": 8, "hole_4": 7, "golfer_id": 15, "hole_6": 4}}, {"pk": 146, "model": "golf.round", "fields": {"hole_7": 5, "hole_8": 5, "mod_date": "2014-07-10", "hole_1": 9, "hole_9": 7, "date": "2015-07-07", "cur_handicap": 20, "week_num": 11, "year": 2015, "course_id": 2, "hole_3": 5, "hole_2": 10, "hole_5": 9, "hole_4": 5, "golfer_id": 11, "hole_6": 5}}, {"pk": 147, "model": "golf.round", "fields": {"hole_7": 4, "hole_8": 4, "mod_date": "2014-07-10", "hole_1": 4, "hole_9": 6, "date": "2015-07-07", "cur_handicap": 7, "week_num": 11, "year": 2015, "course_id": 2, "hole_3": 5, "hole_2": 6, "hole_5": 7, "hole_4": 6, "golfer_id": 13, "hole_6": 3}}, {"pk": 148, "model": "golf.round", "fields": {"hole_7": 4, "hole_8": 3, "mod_date": "2014-07-10", "hole_1": 7, "hole_9": 5, "date": "2015-07-07", "cur_handicap": 7, "week_num": 11, "year": 2015, "course_id": 2, "hole_3": 4, "hole_2": 7, "hole_5": 6, "hole_4": 5, "golfer_id": 5, "hole_6": 5}}, {"pk": 149, "model": "golf.round", "fields": {"hole_7": 4, "hole_8": 4, "mod_date": "2014-07-10", "hole_1": 4, "hole_9": 4, "date": "2015-07-07", "cur_handicap": 8, "week_num": 11, "year": 2015, "course_id": 2, "hole_3": 4, "hole_2": 5, "hole_5": 5, "hole_4": 6, "golfer_id": 3, "hole_6": 4}}, {"pk": 150, "model": "golf.round", "fields": {"hole_7": 5, "hole_8": 5, "mod_date": "2014-07-10", "hole_1": 5, "hole_9": 7, "date": "2015-07-07", "cur_handicap": 16, "week_num": 11, "year": 2015, "course_id": 2, "hole_3": 4, "hole_2": 8, "hole_5": 6, "hole_4": 5, "golfer_id": 8, "hole_6": 5}}, {"pk": 151, "model": "golf.round", "fields": {"hole_7": 6, "hole_8": 4, "mod_date": "2014-07-10", "hole_1": 6, "hole_9": 9, "date": "2015-07-07", "cur_handicap": 21, "week_num": 11, "year": 2015, "course_id": 2, "hole_3": 8, "hole_2": 10, "hole_5": 8, "hole_4": 7, "golfer_id": 16, "hole_6": 4}}, {"pk": 152, "model": "golf.round", "fields": {"hole_7": 8, "hole_8": 3, "mod_date": "2014-07-10", "hole_1": 5, "hole_9": 6, "date": "2015-07-07", "cur_handicap": 12, "week_num": 11, "year": 2015, "course_id": 2, "hole_3": 7, "hole_2": 7, "hole_5": 7, "hole_4": 7, "golfer_id": 17, "hole_6": 3}}, {"pk": 153, "model": "golf.round", "fields": {"hole_7": 5, "hole_8": 3, "mod_date": "2014-07-10", "hole_1": 10, "hole_9": 7, "date": "2015-07-07", "cur_handicap": 21, "week_num": 11, "year": 2015, "course_id": 2, "hole_3": 6, "hole_2": 6, "hole_5": 10, "hole_4": 7, "golfer_id": 9, "hole_6": 4}}, {"pk": 154, "model": "golf.round", "fields": {"hole_7": 5, "hole_8": 5, "mod_date": "2014-07-10", "hole_1": 6, "hole_9": 5, "date": "2015-07-07", "cur_handicap": 8, "week_num": 11, "year": 2015, "course_id": 2, "hole_3": 4, "hole_2": 4, "hole_5": 5, "hole_4": 5, "golfer_id": 14, "hole_6": 4}}, {"pk": 155, "model": "golf.round", "fields": {"hole_7": 4, "hole_8": 3, "mod_date": "2014-07-10", "hole_1": 6, "hole_9": 4, "date": "2015-07-07", "cur_handicap": 6, "week_num": 11, "year": 2015, "course_id": 2, "hole_3": 5, "hole_2": 5, "hole_5": 7, "hole_4": 5, "golfer_id": 2, "hole_6": 3}}, {"pk": 156, "model": "golf.round", "fields": {"hole_7": 5, "hole_8": 3, "mod_date": "2014-07-10", "hole_1": 4, "hole_9": 4, "date": "2015-07-07", "cur_handicap": 12, "week_num": 11, "year": 2015, "course_id": 2, "hole_3": 5, "hole_2": 5, "hole_5": 7, "hole_4": 6, "golfer_id": 7, "hole_6": 4}}, {"pk": 157, "model": "golf.round", "fields": {"hole_7": 7, "hole_8": 3, "mod_date": "2014-07-10", "hole_1": 9, "hole_9": 8, "date": "2015-07-07", "cur_handicap": 18, "week_num": 11, "year": 2015, "course_id": 2, "hole_3": 7, "hole_2": 7, "hole_5": 7, "hole_4": 7, "golfer_id": 10, "hole_6": 4}}, {"pk": 158, "model": "golf.round", "fields": {"hole_7": 6, "hole_8": 4, "mod_date": "2014-07-10", "hole_1": 7, "hole_9": 5, "date": "2015-07-07", "cur_handicap": 8, "week_num": 11, "year": 2015, "course_id": 2, "hole_3": 5, "hole_2": 5, "hole_5": 6, "hole_4": 7, "golfer_id": 4, "hole_6": 3}}, {"pk": 159, "model": "golf.round", "fields": {"hole_7": 6, "hole_8": 3, "mod_date": "2014-07-16", "hole_1": 6, "hole_9": 6, "date": "2015-07-14", "cur_handicap": 7, "week_num": 12, "year": 2015, "course_id": 1, "hole_3": 5, "hole_2": 4, "hole_5": 4, "hole_4": 3, "golfer_id": 5, "hole_6": 6}}, {"pk": 160, "model": "golf.round", "fields": {"hole_7": 6, "hole_8": 3, "mod_date": "2014-07-16", "hole_1": 6, "hole_9": 4, "date": "2015-07-14", "cur_handicap": 13, "week_num": 12, "year": 2015, "course_id": 1, "hole_3": 3, "hole_2": 5, "hole_5": 7, "hole_4": 4, "golfer_id": 15, "hole_6": 5}}, {"pk": 161, "model": "golf.round", "fields": {"hole_7": 8, "hole_8": 4, "mod_date": "2014-07-16", "hole_1": 6, "hole_9": 6, "date": "2015-07-14", "cur_handicap": 11, "week_num": 12, "year": 2015, "course_id": 1, "hole_3": 5, "hole_2": 5, "hole_5": 5, "hole_4": 3, "golfer_id": 7, "hole_6": 5}}, {"pk": 162, "model": "golf.round", "fields": {"hole_7": 8, "hole_8": 4, "mod_date": "2014-07-16", "hole_1": 9, "hole_9": 4, "date": "2015-07-14", "cur_handicap": 19, "week_num": 12, "year": 2015, "course_id": 1, "hole_3": 5, "hole_2": 6, "hole_5": 6, "hole_4": 6, "golfer_id": 10, "hole_6": 7}}, {"pk": 163, "model": "golf.round", "fields": {"hole_7": 7, "hole_8": 4, "mod_date": "2014-07-16", "hole_1": 5, "hole_9": 4, "date": "2015-07-14", "cur_handicap": 8, "week_num": 12, "year": 2015, "course_id": 1, "hole_3": 6, "hole_2": 4, "hole_5": 4, "hole_4": 2, "golfer_id": 14, "hole_6": 5}}, {"pk": 164, "model": "golf.round", "fields": {"hole_7": 5, "hole_8": 3, "mod_date": "2014-07-16", "hole_1": 5, "hole_9": 4, "date": "2015-07-14", "cur_handicap": 7, "week_num": 12, "year": 2015, "course_id": 1, "hole_3": 5, "hole_2": 5, "hole_5": 5, "hole_4": 3, "golfer_id": 13, "hole_6": 4}}, {"pk": 165, "model": "golf.round", "fields": {"hole_7": 9, "hole_8": 3, "mod_date": "2014-07-16", "hole_1": 10, "hole_9": 6, "date": "2015-07-14", "cur_handicap": 22, "week_num": 12, "year": 2015, "course_id": 1, "hole_3": 6, "hole_2": 8, "hole_5": 7, "hole_4": 5, "golfer_id": 16, "hole_6": 7}}, {"pk": 166, "model": "golf.round", "fields": {"hole_7": 6, "hole_8": 4, "mod_date": "2014-07-16", "hole_1": 6, "hole_9": 6, "date": "2015-07-14", "cur_handicap": 9, "week_num": 12, "year": 2015, "course_id": 1, "hole_3": 5, "hole_2": 5, "hole_5": 6, "hole_4": 3, "golfer_id": 12, "hole_6": 4}}, {"pk": 167, "model": "golf.round", "fields": {"hole_7": 6, "hole_8": 5, "mod_date": "2014-07-16", "hole_1": 6, "hole_9": 6, "date": "2015-07-14", "cur_handicap": 7, "week_num": 12, "year": 2015, "course_id": 1, "hole_3": 5, "hole_2": 4, "hole_5": 5, "hole_4": 3, "golfer_id": 1, "hole_6": 4}}, {"pk": 168, "model": "golf.round", "fields": {"hole_7": 6, "hole_8": 4, "mod_date": "2014-07-16", "hole_1": 8, "hole_9": 5, "date": "2015-07-14", "cur_handicap": 13, "week_num": 12, "year": 2015, "course_id": 1, "hole_3": 5, "hole_2": 6, "hole_5": 5, "hole_4": 4, "golfer_id": 17, "hole_6": 5}}, {"pk": 169, "model": "golf.round", "fields": {"hole_7": 6, "hole_8": 3, "mod_date": "2014-07-16", "hole_1": 5, "hole_9": 5, "date": "2015-07-14", "cur_handicap": 8, "week_num": 12, "year": 2015, "course_id": 1, "hole_3": 4, "hole_2": 5, "hole_5": 6, "hole_4": 3, "golfer_id": 4, "hole_6": 4}}, {"pk": 170, "model": "golf.round", "fields": {"hole_7": 8, "hole_8": 4, "mod_date": "2014-07-16", "hole_1": 7, "hole_9": 4, "date": "2015-07-14", "cur_handicap": 21, "week_num": 12, "year": 2015, "course_id": 1, "hole_3": 7, "hole_2": 6, "hole_5": 6, "hole_4": 4, "golfer_id": 9, "hole_6": 5}}, {"pk": 171, "model": "golf.round", "fields": {"hole_7": 5, "hole_8": 2, "mod_date": "2014-07-16", "hole_1": 7, "hole_9": 5, "date": "2015-07-12", "cur_handicap": 6, "week_num": 12, "year": 2015, "course_id": 1, "hole_3": 4, "hole_2": 5, "hole_5": 4, "hole_4": 4, "golfer_id": 2, "hole_6": 4}}, {"pk": 172, "model": "golf.round", "fields": {"hole_7": 5, "hole_8": 3, "mod_date": "2014-07-19", "hole_1": 6, "hole_9": 5, "date": "2015-07-19", "cur_handicap": 6, "week_num": 3, "year": 2015, "course_id": 2, "hole_3": 4, "hole_2": 6, "hole_5": 6, "hole_4": 5, "golfer_id": 2, "hole_6": 3}}, {"pk": 173, "model": "golf.round", "fields": {"hole_7": 4, "hole_8": 5, "mod_date": "2014-07-23", "hole_1": 5, "hole_9": 5, "date": "2015-07-21", "cur_handicap": 7, "week_num": 13, "year": 2015, "course_id": 2, "hole_3": 4, "hole_2": 5, "hole_5": 7, "hole_4": 6, "golfer_id": 1, "hole_6": 3}}, {"pk": 174, "model": "golf.round", "fields": {"hole_7": 5, "hole_8": 2, "mod_date": "2014-07-23", "hole_1": 6, "hole_9": 5, "date": "2015-07-21", "cur_handicap": 6, "week_num": 13, "year": 2015, "course_id": 2, "hole_3": 5, "hole_2": 6, "hole_5": 6, "hole_4": 5, "golfer_id": 13, "hole_6": 3}}, {"pk": 175, "model": "golf.round", "fields": {"hole_7": 6, "hole_8": 4, "mod_date": "2014-07-23", "hole_1": 5, "hole_9": 5, "date": "2015-07-21", "cur_handicap": 10, "week_num": 13, "year": 2015, "course_id": 2, "hole_3": 4, "hole_2": 6, "hole_5": 6, "hole_4": 6, "golfer_id": 7, "hole_6": 4}}, {"pk": 176, "model": "golf.round", "fields": {"hole_7": 6, "hole_8": 5, "mod_date": "2014-07-23", "hole_1": 6, "hole_9": 8, "date": "2015-07-21", "cur_handicap": 22, "week_num": 13, "year": 2015, "course_id": 2, "hole_3": 6, "hole_2": 7, "hole_5": 8, "hole_4": 7, "golfer_id": 16, "hole_6": 4}}, {"pk": 177, "model": "golf.round", "fields": {"hole_7": 4, "hole_8": 4, "mod_date": "2014-07-23", "hole_1": 5, "hole_9": 5, "date": "2015-07-21", "cur_handicap": 7, "week_num": 13, "year": 2015, "course_id": 2, "hole_3": 4, "hole_2": 5, "hole_5": 6, "hole_4": 5, "golfer_id": 14, "hole_6": 5}}, {"pk": 178, "model": "golf.round", "fields": {"hole_7": 7, "hole_8": 5, "mod_date": "2014-07-23", "hole_1": 8, "hole_9": 7, "date": "2015-07-21", "cur_handicap": 13, "week_num": 13, "year": 2015, "course_id": 2, "hole_3": 5, "hole_2": 7, "hole_5": 6, "hole_4": 6, "golfer_id": 6, "hole_6": 4}}, {"pk": 179, "model": "golf.round", "fields": {"hole_7": 5, "hole_8": 2, "mod_date": "2014-07-23", "hole_1": 6, "hole_9": 6, "date": "2015-07-21", "cur_handicap": 12, "week_num": 13, "year": 2015, "course_id": 2, "hole_3": 5, "hole_2": 8, "hole_5": 8, "hole_4": 6, "golfer_id": 17, "hole_6": 3}}, {"pk": 180, "model": "golf.round", "fields": {"hole_7": 5, "hole_8": 3, "mod_date": "2014-07-23", "hole_1": 7, "hole_9": 8, "date": "2015-07-21", "cur_handicap": 20, "week_num": 13, "year": 2015, "course_id": 2, "hole_3": 6, "hole_2": 7, "hole_5": 9, "hole_4": 5, "golfer_id": 9, "hole_6": 4}}, {"pk": 181, "model": "golf.round", "fields": {"hole_7": 4, "hole_8": 4, "mod_date": "2014-07-23", "hole_1": 4, "hole_9": 4, "date": "2015-07-21", "cur_handicap": 8, "week_num": 13, "year": 2015, "course_id": 2, "hole_3": 6, "hole_2": 6, "hole_5": 6, "hole_4": 4, "golfer_id": 4, "hole_6": 3}}, {"pk": 182, "model": "golf.round", "fields": {"hole_7": 5, "hole_8": 3, "mod_date": "2014-07-23", "hole_1": 7, "hole_9": 7, "date": "2015-07-21", "cur_handicap": 15, "week_num": 13, "year": 2015, "course_id": 2, "hole_3": 7, "hole_2": 8, "hole_5": 7, "hole_4": 7, "golfer_id": 8, "hole_6": 6}}, {"pk": 183, "model": "golf.round", "fields": {"hole_7": 5, "hole_8": 3, "mod_date": "2014-07-23", "hole_1": 7, "hole_9": 5, "date": "2015-07-21", "cur_handicap": 8, "week_num": 13, "year": 2015, "course_id": 2, "hole_3": 4, "hole_2": 6, "hole_5": 5, "hole_4": 6, "golfer_id": 5, "hole_6": 4}}, {"pk": 184, "model": "golf.round", "fields": {"hole_7": 5, "hole_8": 4, "mod_date": "2014-07-23", "hole_1": 5, "hole_9": 8, "date": "2015-07-21", "cur_handicap": 20, "week_num": 13, "year": 2015, "course_id": 2, "hole_3": 9, "hole_2": 8, "hole_5": 10, "hole_4": 8, "golfer_id": 11, "hole_6": 5}}, {"pk": 185, "model": "golf.round", "fields": {"hole_7": 4, "hole_8": 3, "mod_date": "2014-07-23", "hole_1": 5, "hole_9": 5, "date": "2015-07-21", "cur_handicap": 6, "week_num": 13, "year": 2015, "course_id": 2, "hole_3": 5, "hole_2": 5, "hole_5": 8, "hole_4": 4, "golfer_id": 2, "hole_6": 4}}, {"pk": 186, "model": "golf.round", "fields": {"hole_7": 4, "hole_8": 5, "mod_date": "2014-07-23", "hole_1": 5, "hole_9": 6, "date": "2015-07-21", "cur_handicap": 9, "week_num": 13, "year": 2015, "course_id": 2, "hole_3": 5, "hole_2": 6, "hole_5": 5, "hole_4": 6, "golfer_id": 12, "hole_6": 2}}, {"pk": 187, "model": "golf.round", "fields": {"hole_7": 6, "hole_8": 4, "mod_date": "2014-07-23", "hole_1": 5, "hole_9": 7, "date": "2015-07-21", "cur_handicap": 13, "week_num": 13, "year": 2015, "course_id": 2, "hole_3": 7, "hole_2": 7, "hole_5": 6, "hole_4": 5, "golfer_id": 15, "hole_6": 4}}, {"pk": 1, "model": "auth.permission", "fields": {"codename": "add_permission", "name": "Can add permission", "content_type": 1}}, {"pk": 2, "model": "auth.permission", "fields": {"codename": "change_permission", "name": "Can change permission", "content_type": 1}}, {"pk": 3, "model": "auth.permission", "fields": {"codename": "delete_permission", "name": "Can delete permission", "content_type": 1}}, {"pk": 4, "model": "auth.permission", "fields": {"codename": "add_group", "name": "Can add group", "content_type": 2}}, {"pk": 5, "model": "auth.permission", "fields": {"codename": "change_group", "name": "Can change group", "content_type": 2}}, {"pk": 6, "model": "auth.permission", "fields": {"codename": "delete_group", "name": "Can delete group", "content_type": 2}}, {"pk": 7, "model": "auth.permission", "fields": {"codename": "add_user", "name": "Can add user", "content_type": 3}}, {"pk": 8, "model": "auth.permission", "fields": {"codename": "change_user", "name": "Can change user", "content_type": 3}}, {"pk": 9, "model": "auth.permission", "fields": {"codename": "delete_user", "name": "Can delete user", "content_type": 3}}, {"pk": 10, "model": "auth.permission", "fields": {"codename": "add_contenttype", "name": "Can add content type", "content_type": 4}}, {"pk": 11, "model": "auth.permission", "fields": {"codename": "change_contenttype", "name": "Can change content type", "content_type": 4}}, {"pk": 12, "model": "auth.permission", "fields": {"codename": "delete_contenttype", "name": "Can delete content type", "content_type": 4}}, {"pk": 13, "model": "auth.permission", "fields": {"codename": "add_session", "name": "Can add session", "content_type": 5}}, {"pk": 14, "model": "auth.permission", "fields": {"codename": "change_session", "name": "Can change session", "content_type": 5}}, {"pk": 15, "model": "auth.permission", "fields": {"codename": "delete_session", "name": "Can delete session", "content_type": 5}}, {"pk": 16, "model": "auth.permission", "fields": {"codename": "add_site", "name": "Can add site", "content_type": 6}}, {"pk": 17, "model": "auth.permission", "fields": {"codename": "change_site", "name": "Can change site", "content_type": 6}}, {"pk": 18, "model": "auth.permission", "fields": {"codename": "delete_site", "name": "Can delete site", "content_type": 6}}, {"pk": 19, "model": "auth.permission", "fields": {"codename": "add_logentry", "name": "Can add log entry", "content_type": 7}}, {"pk": 20, "model": "auth.permission", "fields": {"codename": "change_logentry", "name": "Can change log entry", "content_type": 7}}, {"pk": 21, "model": "auth.permission", "fields": {"codename": "delete_logentry", "name": "Can delete log entry", "content_type": 7}}, {"pk": 22, "model": "auth.permission", "fields": {"codename": "add_golfer", "name": "Can add golfer", "content_type": 8}}, {"pk": 23, "model": "auth.permission", "fields": {"codename": "change_golfer", "name": "Can change golfer", "content_type": 8}}, {"pk": 24, "model": "auth.permission", "fields": {"codename": "delete_golfer", "name": "Can delete golfer", "content_type": 8}}, {"pk": 25, "model": "auth.permission", "fields": {"codename": "add_course", "name": "Can add course", "content_type": 9}}, {"pk": 26, "model": "auth.permission", "fields": {"codename": "change_course", "name": "Can change course", "content_type": 9}}]